ISO-10303-21;
HEADER;
FILE_DESCRIPTION(('FreeCAD Model'),'2;1');
FILE_NAME('Open CASCADE Shape Model','2026-07-12T15:02:42',('FreeCAD'),(
    'FreeCAD'),'Open CASCADE STEP processor 7.8','FreeCAD','Unknown');
FILE_SCHEMA(('AUTOMOTIVE_DESIGN { 1 0 10303 214 1 1 1 1 }'));
ENDSEC;
DATA;
#1 = APPLICATION_PROTOCOL_DEFINITION('international standard',
  'automotive_design',2000,#2);
#2 = APPLICATION_CONTEXT(
  'core data for automotive mechanical design processes');
#3 = SHAPE_DEFINITION_REPRESENTATION(#4,#10);
#4 = PRODUCT_DEFINITION_SHAPE('','',#5);
#5 = PRODUCT_DEFINITION('design','',#6,#9);
#6 = PRODUCT_DEFINITION_FORMATION('','',#7);
#7 = PRODUCT('Open CASCADE STEP translator 7.8 6',
  'Open CASCADE STEP translator 7.8 6','',(#8));
#8 = PRODUCT_CONTEXT('',#2,'mechanical');
#9 = PRODUCT_DEFINITION_CONTEXT('part definition',#2,'design');
#10 = SHAPE_REPRESENTATION('',(#11,#15,#1295,#2087,#2899,#3750),#4732);
#11 = AXIS2_PLACEMENT_3D('',#12,#13,#14);
#12 = CARTESIAN_POINT('',(0.,0.,0.));
#13 = DIRECTION('',(0.,0.,1.));
#14 = DIRECTION('',(1.,0.,-0.));
#15 = MANIFOLD_SOLID_BREP('',#16);
#16 = CLOSED_SHELL('',(#17,#125,#244,#269,#293,#383,#495,#520,#545,#657,
    #747,#771,#796,#901,#921,#938,#955,#972,#989,#1006,#1023,#1040,#1057
    ,#1074,#1091,#1108,#1125,#1142,#1159,#1176,#1193,#1210,#1227,#1244,
    #1261,#1278));
#17 = ADVANCED_FACE('',(#18),#120,.T.);
#18 = FACE_BOUND('',#19,.T.);
#19 = EDGE_LOOP('',(#20,#30,#38,#46,#55,#63,#72,#80,#88,#96,#105,#113));
#20 = ORIENTED_EDGE('',*,*,#21,.T.);
#21 = EDGE_CURVE('',#22,#24,#26,.T.);
#22 = VERTEX_POINT('',#23);
#23 = CARTESIAN_POINT('',(180.9,0.,4.));
#24 = VERTEX_POINT('',#25);
#25 = CARTESIAN_POINT('',(180.9,0.,170.27));
#26 = LINE('',#27,#28);
#27 = CARTESIAN_POINT('',(180.9,0.,0.));
#28 = VECTOR('',#29,1.);
#29 = DIRECTION('',(0.,0.,1.));
#30 = ORIENTED_EDGE('',*,*,#31,.F.);
#31 = EDGE_CURVE('',#32,#24,#34,.T.);
#32 = VERTEX_POINT('',#33);
#33 = CARTESIAN_POINT('',(178.9,0.,170.27));
#34 = LINE('',#35,#36);
#35 = CARTESIAN_POINT('',(178.9,0.,170.27));
#36 = VECTOR('',#37,1.);
#37 = DIRECTION('',(1.,0.,-0.));
#38 = ORIENTED_EDGE('',*,*,#39,.F.);
#39 = EDGE_CURVE('',#40,#32,#42,.T.);
#40 = VERTEX_POINT('',#41);
#41 = CARTESIAN_POINT('',(178.9,0.,4.));
#42 = LINE('',#43,#44);
#43 = CARTESIAN_POINT('',(178.9,0.,0.));
#44 = VECTOR('',#45,1.);
#45 = DIRECTION('',(0.,0.,1.));
#46 = ORIENTED_EDGE('',*,*,#47,.F.);
#47 = EDGE_CURVE('',#48,#40,#50,.T.);
#48 = VERTEX_POINT('',#49);
#49 = CARTESIAN_POINT('',(176.9,0.,2.));
#50 = CIRCLE('',#51,2.);
#51 = AXIS2_PLACEMENT_3D('',#52,#53,#54);
#52 = CARTESIAN_POINT('',(176.9,0.,4.));
#53 = DIRECTION('',(0.,-1.,0.));
#54 = DIRECTION('',(0.,0.,1.));
#55 = ORIENTED_EDGE('',*,*,#56,.F.);
#56 = EDGE_CURVE('',#57,#48,#59,.T.);
#57 = VERTEX_POINT('',#58);
#58 = CARTESIAN_POINT('',(4.,0.,2.));
#59 = LINE('',#60,#61);
#60 = CARTESIAN_POINT('',(0.,0.,2.));
#61 = VECTOR('',#62,1.);
#62 = DIRECTION('',(1.,0.,-0.));
#63 = ORIENTED_EDGE('',*,*,#64,.F.);
#64 = EDGE_CURVE('',#65,#57,#67,.T.);
#65 = VERTEX_POINT('',#66);
#66 = CARTESIAN_POINT('',(2.,0.,4.));
#67 = CIRCLE('',#68,2.);
#68 = AXIS2_PLACEMENT_3D('',#69,#70,#71);
#69 = CARTESIAN_POINT('',(4.,0.,4.));
#70 = DIRECTION('',(0.,-1.,0.));
#71 = DIRECTION('',(0.,0.,1.));
#72 = ORIENTED_EDGE('',*,*,#73,.T.);
#73 = EDGE_CURVE('',#65,#74,#76,.T.);
#74 = VERTEX_POINT('',#75);
#75 = CARTESIAN_POINT('',(2.,0.,170.27));
#76 = LINE('',#77,#78);
#77 = CARTESIAN_POINT('',(2.,0.,0.));
#78 = VECTOR('',#79,1.);
#79 = DIRECTION('',(0.,0.,1.));
#80 = ORIENTED_EDGE('',*,*,#81,.F.);
#81 = EDGE_CURVE('',#82,#74,#84,.T.);
#82 = VERTEX_POINT('',#83);
#83 = CARTESIAN_POINT('',(0.,0.,170.27));
#84 = LINE('',#85,#86);
#85 = CARTESIAN_POINT('',(0.,0.,170.27));
#86 = VECTOR('',#87,1.);
#87 = DIRECTION('',(1.,0.,-0.));
#88 = ORIENTED_EDGE('',*,*,#89,.F.);
#89 = EDGE_CURVE('',#90,#82,#92,.T.);
#90 = VERTEX_POINT('',#91);
#91 = CARTESIAN_POINT('',(-8.881784197001E-16,0.,4.));
#92 = LINE('',#93,#94);
#93 = CARTESIAN_POINT('',(0.,0.,0.));
#94 = VECTOR('',#95,1.);
#95 = DIRECTION('',(0.,0.,1.));
#96 = ORIENTED_EDGE('',*,*,#97,.F.);
#97 = EDGE_CURVE('',#98,#90,#100,.T.);
#98 = VERTEX_POINT('',#99);
#99 = CARTESIAN_POINT('',(4.,0.,-8.881784197001E-16));
#100 = CIRCLE('',#101,4.);
#101 = AXIS2_PLACEMENT_3D('',#102,#103,#104);
#102 = CARTESIAN_POINT('',(4.,0.,4.));
#103 = DIRECTION('',(-0.,1.,0.));
#104 = DIRECTION('',(0.,0.,1.));
#105 = ORIENTED_EDGE('',*,*,#106,.T.);
#106 = EDGE_CURVE('',#98,#107,#109,.T.);
#107 = VERTEX_POINT('',#108);
#108 = CARTESIAN_POINT('',(176.9,0.,-8.881784197001E-16));
#109 = LINE('',#110,#111);
#110 = CARTESIAN_POINT('',(0.,0.,0.));
#111 = VECTOR('',#112,1.);
#112 = DIRECTION('',(1.,0.,-0.));
#113 = ORIENTED_EDGE('',*,*,#114,.F.);
#114 = EDGE_CURVE('',#22,#107,#115,.T.);
#115 = CIRCLE('',#116,4.);
#116 = AXIS2_PLACEMENT_3D('',#117,#118,#119);
#117 = CARTESIAN_POINT('',(176.9,0.,4.));
#118 = DIRECTION('',(-0.,1.,0.));
#119 = DIRECTION('',(0.,0.,1.));
#120 = PLANE('',#121);
#121 = AXIS2_PLACEMENT_3D('',#122,#123,#124);
#122 = CARTESIAN_POINT('',(90.45,0.,56.80600820114));
#123 = DIRECTION('',(-0.,-1.,-0.));
#124 = DIRECTION('',(0.,0.,-1.));
#125 = ADVANCED_FACE('',(#126,#151,#162,#173,#184,#195,#206,#217,#228),
  #239,.T.);
#126 = FACE_BOUND('',#127,.T.);
#127 = EDGE_LOOP('',(#128,#129,#137,#145));
#128 = ORIENTED_EDGE('',*,*,#21,.F.);
#129 = ORIENTED_EDGE('',*,*,#130,.T.);
#130 = EDGE_CURVE('',#22,#131,#133,.T.);
#131 = VERTEX_POINT('',#132);
#132 = CARTESIAN_POINT('',(180.9,216.,4.));
#133 = LINE('',#134,#135);
#134 = CARTESIAN_POINT('',(180.9,0.,4.));
#135 = VECTOR('',#136,1.);
#136 = DIRECTION('',(-0.,1.,0.));
#137 = ORIENTED_EDGE('',*,*,#138,.T.);
#138 = EDGE_CURVE('',#131,#139,#141,.T.);
#139 = VERTEX_POINT('',#140);
#140 = CARTESIAN_POINT('',(180.9,216.,170.27));
#141 = LINE('',#142,#143);
#142 = CARTESIAN_POINT('',(180.9,216.,0.));
#143 = VECTOR('',#144,1.);
#144 = DIRECTION('',(0.,0.,1.));
#145 = ORIENTED_EDGE('',*,*,#146,.F.);
#146 = EDGE_CURVE('',#24,#139,#147,.T.);
#147 = LINE('',#148,#149);
#148 = CARTESIAN_POINT('',(180.9,0.,170.27));
#149 = VECTOR('',#150,1.);
#150 = DIRECTION('',(-0.,1.,0.));
#151 = FACE_BOUND('',#152,.T.);
#152 = EDGE_LOOP('',(#153));
#153 = ORIENTED_EDGE('',*,*,#154,.F.);
#154 = EDGE_CURVE('',#155,#155,#157,.T.);
#155 = VERTEX_POINT('',#156);
#156 = CARTESIAN_POINT('',(180.9,207.,31.7));
#157 = CIRCLE('',#158,1.7);
#158 = AXIS2_PLACEMENT_3D('',#159,#160,#161);
#159 = CARTESIAN_POINT('',(180.9,207.,30.));
#160 = DIRECTION('',(1.,0.,0.));
#161 = DIRECTION('',(-0.,0.,1.));
#162 = FACE_BOUND('',#163,.T.);
#163 = EDGE_LOOP('',(#164));
#164 = ORIENTED_EDGE('',*,*,#165,.F.);
#165 = EDGE_CURVE('',#166,#166,#168,.T.);
#166 = VERTEX_POINT('',#167);
#167 = CARTESIAN_POINT('',(180.9,136.,14.7));
#168 = CIRCLE('',#169,1.7);
#169 = AXIS2_PLACEMENT_3D('',#170,#171,#172);
#170 = CARTESIAN_POINT('',(180.9,136.,13.));
#171 = DIRECTION('',(1.,0.,0.));
#172 = DIRECTION('',(-0.,0.,1.));
#173 = FACE_BOUND('',#174,.T.);
#174 = EDGE_LOOP('',(#175));
#175 = ORIENTED_EDGE('',*,*,#176,.F.);
#176 = EDGE_CURVE('',#177,#177,#179,.T.);
#177 = VERTEX_POINT('',#178);
#178 = CARTESIAN_POINT('',(180.9,207.,87.835));
#179 = CIRCLE('',#180,1.7);
#180 = AXIS2_PLACEMENT_3D('',#181,#182,#183);
#181 = CARTESIAN_POINT('',(180.9,207.,86.135));
#182 = DIRECTION('',(1.,0.,0.));
#183 = DIRECTION('',(-0.,0.,1.));
#184 = FACE_BOUND('',#185,.T.);
#185 = EDGE_LOOP('',(#186));
#186 = ORIENTED_EDGE('',*,*,#187,.F.);
#187 = EDGE_CURVE('',#188,#188,#190,.T.);
#188 = VERTEX_POINT('',#189);
#189 = CARTESIAN_POINT('',(180.9,207.,143.97));
#190 = CIRCLE('',#191,1.7);
#191 = AXIS2_PLACEMENT_3D('',#192,#193,#194);
#192 = CARTESIAN_POINT('',(180.9,207.,142.27));
#193 = DIRECTION('',(1.,0.,0.));
#194 = DIRECTION('',(-0.,0.,1.));
#195 = FACE_BOUND('',#196,.T.);
#196 = EDGE_LOOP('',(#197));
#197 = ORIENTED_EDGE('',*,*,#198,.F.);
#198 = EDGE_CURVE('',#199,#199,#201,.T.);
#199 = VERTEX_POINT('',#200);
#200 = CARTESIAN_POINT('',(180.9,46.,14.7));
#201 = CIRCLE('',#202,1.7);
#202 = AXIS2_PLACEMENT_3D('',#203,#204,#205);
#203 = CARTESIAN_POINT('',(180.9,46.,13.));
#204 = DIRECTION('',(1.,0.,0.));
#205 = DIRECTION('',(-0.,0.,1.));
#206 = FACE_BOUND('',#207,.T.);
#207 = EDGE_LOOP('',(#208));
#208 = ORIENTED_EDGE('',*,*,#209,.F.);
#209 = EDGE_CURVE('',#210,#210,#212,.T.);
#210 = VERTEX_POINT('',#211);
#211 = CARTESIAN_POINT('',(180.9,9.,31.7));
#212 = CIRCLE('',#213,1.7);
#213 = AXIS2_PLACEMENT_3D('',#214,#215,#216);
#214 = CARTESIAN_POINT('',(180.9,9.,30.));
#215 = DIRECTION('',(1.,0.,0.));
#216 = DIRECTION('',(-0.,0.,1.));
#217 = FACE_BOUND('',#218,.T.);
#218 = EDGE_LOOP('',(#219));
#219 = ORIENTED_EDGE('',*,*,#220,.F.);
#220 = EDGE_CURVE('',#221,#221,#223,.T.);
#221 = VERTEX_POINT('',#222);
#222 = CARTESIAN_POINT('',(180.9,9.,87.835));
#223 = CIRCLE('',#224,1.7);
#224 = AXIS2_PLACEMENT_3D('',#225,#226,#227);
#225 = CARTESIAN_POINT('',(180.9,9.,86.135));
#226 = DIRECTION('',(1.,0.,0.));
#227 = DIRECTION('',(-0.,0.,1.));
#228 = FACE_BOUND('',#229,.T.);
#229 = EDGE_LOOP('',(#230));
#230 = ORIENTED_EDGE('',*,*,#231,.F.);
#231 = EDGE_CURVE('',#232,#232,#234,.T.);
#232 = VERTEX_POINT('',#233);
#233 = CARTESIAN_POINT('',(180.9,9.,143.97));
#234 = CIRCLE('',#235,1.7);
#235 = AXIS2_PLACEMENT_3D('',#236,#237,#238);
#236 = CARTESIAN_POINT('',(180.9,9.,142.27));
#237 = DIRECTION('',(1.,0.,0.));
#238 = DIRECTION('',(-0.,0.,1.));
#239 = PLANE('',#240);
#240 = AXIS2_PLACEMENT_3D('',#241,#242,#243);
#241 = CARTESIAN_POINT('',(180.9,108.,85.135));
#242 = DIRECTION('',(1.,0.,0.));
#243 = DIRECTION('',(-0.,0.,1.));
#244 = ADVANCED_FACE('',(#245),#264,.T.);
#245 = FACE_BOUND('',#246,.T.);
#246 = EDGE_LOOP('',(#247,#248,#256,#263));
#247 = ORIENTED_EDGE('',*,*,#114,.T.);
#248 = ORIENTED_EDGE('',*,*,#249,.T.);
#249 = EDGE_CURVE('',#107,#250,#252,.T.);
#250 = VERTEX_POINT('',#251);
#251 = CARTESIAN_POINT('',(176.9,216.,-8.881784197001E-16));
#252 = LINE('',#253,#254);
#253 = CARTESIAN_POINT('',(176.9,0.,-8.881784197001E-16));
#254 = VECTOR('',#255,1.);
#255 = DIRECTION('',(-0.,1.,0.));
#256 = ORIENTED_EDGE('',*,*,#257,.F.);
#257 = EDGE_CURVE('',#131,#250,#258,.T.);
#258 = CIRCLE('',#259,4.);
#259 = AXIS2_PLACEMENT_3D('',#260,#261,#262);
#260 = CARTESIAN_POINT('',(176.9,216.,4.));
#261 = DIRECTION('',(-0.,1.,0.));
#262 = DIRECTION('',(0.,0.,1.));
#263 = ORIENTED_EDGE('',*,*,#130,.F.);
#264 = CYLINDRICAL_SURFACE('',#265,4.);
#265 = AXIS2_PLACEMENT_3D('',#266,#267,#268);
#266 = CARTESIAN_POINT('',(176.9,0.,4.));
#267 = DIRECTION('',(-0.,1.,0.));
#268 = DIRECTION('',(1.,0.,0.));
#269 = ADVANCED_FACE('',(#270),#288,.T.);
#270 = FACE_BOUND('',#271,.T.);
#271 = EDGE_LOOP('',(#272,#280,#281,#282));
#272 = ORIENTED_EDGE('',*,*,#273,.F.);
#273 = EDGE_CURVE('',#32,#274,#276,.T.);
#274 = VERTEX_POINT('',#275);
#275 = CARTESIAN_POINT('',(178.9,216.,170.27));
#276 = LINE('',#277,#278);
#277 = CARTESIAN_POINT('',(178.9,0.,170.27));
#278 = VECTOR('',#279,1.);
#279 = DIRECTION('',(-0.,1.,0.));
#280 = ORIENTED_EDGE('',*,*,#31,.T.);
#281 = ORIENTED_EDGE('',*,*,#146,.T.);
#282 = ORIENTED_EDGE('',*,*,#283,.F.);
#283 = EDGE_CURVE('',#274,#139,#284,.T.);
#284 = LINE('',#285,#286);
#285 = CARTESIAN_POINT('',(178.9,216.,170.27));
#286 = VECTOR('',#287,1.);
#287 = DIRECTION('',(1.,0.,-0.));
#288 = PLANE('',#289);
#289 = AXIS2_PLACEMENT_3D('',#290,#291,#292);
#290 = CARTESIAN_POINT('',(178.9,0.,170.27));
#291 = DIRECTION('',(0.,0.,1.));
#292 = DIRECTION('',(1.,0.,-0.));
#293 = ADVANCED_FACE('',(#294,#312,#323,#334,#345,#356,#367),#378,.F.);
#294 = FACE_BOUND('',#295,.F.);
#295 = EDGE_LOOP('',(#296,#304,#310,#311));
#296 = ORIENTED_EDGE('',*,*,#297,.F.);
#297 = EDGE_CURVE('',#298,#250,#300,.T.);
#298 = VERTEX_POINT('',#299);
#299 = CARTESIAN_POINT('',(4.,216.,-8.881784197001E-16));
#300 = LINE('',#301,#302);
#301 = CARTESIAN_POINT('',(0.,216.,0.));
#302 = VECTOR('',#303,1.);
#303 = DIRECTION('',(1.,0.,-0.));
#304 = ORIENTED_EDGE('',*,*,#305,.F.);
#305 = EDGE_CURVE('',#98,#298,#306,.T.);
#306 = LINE('',#307,#308);
#307 = CARTESIAN_POINT('',(4.,0.,-8.881784197001E-16));
#308 = VECTOR('',#309,1.);
#309 = DIRECTION('',(-0.,1.,0.));
#310 = ORIENTED_EDGE('',*,*,#106,.T.);
#311 = ORIENTED_EDGE('',*,*,#249,.T.);
#312 = FACE_BOUND('',#313,.F.);
#313 = EDGE_LOOP('',(#314));
#314 = ORIENTED_EDGE('',*,*,#315,.F.);
#315 = EDGE_CURVE('',#316,#316,#318,.T.);
#316 = VERTEX_POINT('',#317);
#317 = CARTESIAN_POINT('',(31.7,9.,0.));
#318 = CIRCLE('',#319,1.7);
#319 = AXIS2_PLACEMENT_3D('',#320,#321,#322);
#320 = CARTESIAN_POINT('',(30.,9.,0.));
#321 = DIRECTION('',(0.,0.,1.));
#322 = DIRECTION('',(1.,0.,-0.));
#323 = FACE_BOUND('',#324,.F.);
#324 = EDGE_LOOP('',(#325));
#325 = ORIENTED_EDGE('',*,*,#326,.F.);
#326 = EDGE_CURVE('',#327,#327,#329,.T.);
#327 = VERTEX_POINT('',#328);
#328 = CARTESIAN_POINT('',(92.15,9.,0.));
#329 = CIRCLE('',#330,1.7);
#330 = AXIS2_PLACEMENT_3D('',#331,#332,#333);
#331 = CARTESIAN_POINT('',(90.45,9.,0.));
#332 = DIRECTION('',(0.,0.,1.));
#333 = DIRECTION('',(1.,0.,-0.));
#334 = FACE_BOUND('',#335,.F.);
#335 = EDGE_LOOP('',(#336));
#336 = ORIENTED_EDGE('',*,*,#337,.F.);
#337 = EDGE_CURVE('',#338,#338,#340,.T.);
#338 = VERTEX_POINT('',#339);
#339 = CARTESIAN_POINT('',(152.6,9.,0.));
#340 = CIRCLE('',#341,1.7);
#341 = AXIS2_PLACEMENT_3D('',#342,#343,#344);
#342 = CARTESIAN_POINT('',(150.9,9.,0.));
#343 = DIRECTION('',(0.,0.,1.));
#344 = DIRECTION('',(1.,0.,-0.));
#345 = FACE_BOUND('',#346,.F.);
#346 = EDGE_LOOP('',(#347));
#347 = ORIENTED_EDGE('',*,*,#348,.F.);
#348 = EDGE_CURVE('',#349,#349,#351,.T.);
#349 = VERTEX_POINT('',#350);
#350 = CARTESIAN_POINT('',(31.7,207.,0.));
#351 = CIRCLE('',#352,1.7);
#352 = AXIS2_PLACEMENT_3D('',#353,#354,#355);
#353 = CARTESIAN_POINT('',(30.,207.,0.));
#354 = DIRECTION('',(0.,0.,1.));
#355 = DIRECTION('',(1.,0.,-0.));
#356 = FACE_BOUND('',#357,.F.);
#357 = EDGE_LOOP('',(#358));
#358 = ORIENTED_EDGE('',*,*,#359,.F.);
#359 = EDGE_CURVE('',#360,#360,#362,.T.);
#360 = VERTEX_POINT('',#361);
#361 = CARTESIAN_POINT('',(92.15,207.,0.));
#362 = CIRCLE('',#363,1.7);
#363 = AXIS2_PLACEMENT_3D('',#364,#365,#366);
#364 = CARTESIAN_POINT('',(90.45,207.,0.));
#365 = DIRECTION('',(0.,0.,1.));
#366 = DIRECTION('',(1.,0.,-0.));
#367 = FACE_BOUND('',#368,.F.);
#368 = EDGE_LOOP('',(#369));
#369 = ORIENTED_EDGE('',*,*,#370,.F.);
#370 = EDGE_CURVE('',#371,#371,#373,.T.);
#371 = VERTEX_POINT('',#372);
#372 = CARTESIAN_POINT('',(152.6,207.,0.));
#373 = CIRCLE('',#374,1.7);
#374 = AXIS2_PLACEMENT_3D('',#375,#376,#377);
#375 = CARTESIAN_POINT('',(150.9,207.,0.));
#376 = DIRECTION('',(0.,0.,1.));
#377 = DIRECTION('',(1.,0.,-0.));
#378 = PLANE('',#379);
#379 = AXIS2_PLACEMENT_3D('',#380,#381,#382);
#380 = CARTESIAN_POINT('',(0.,0.,0.));
#381 = DIRECTION('',(0.,0.,1.));
#382 = DIRECTION('',(1.,0.,-0.));
#383 = ADVANCED_FACE('',(#384,#402,#413,#424,#435,#446,#457,#468,#479),
  #490,.F.);
#384 = FACE_BOUND('',#385,.F.);
#385 = EDGE_LOOP('',(#386,#387,#395,#401));
#386 = ORIENTED_EDGE('',*,*,#39,.F.);
#387 = ORIENTED_EDGE('',*,*,#388,.T.);
#388 = EDGE_CURVE('',#40,#389,#391,.T.);
#389 = VERTEX_POINT('',#390);
#390 = CARTESIAN_POINT('',(178.9,216.,4.));
#391 = LINE('',#392,#393);
#392 = CARTESIAN_POINT('',(178.9,0.,4.));
#393 = VECTOR('',#394,1.);
#394 = DIRECTION('',(-0.,1.,0.));
#395 = ORIENTED_EDGE('',*,*,#396,.T.);
#396 = EDGE_CURVE('',#389,#274,#397,.T.);
#397 = LINE('',#398,#399);
#398 = CARTESIAN_POINT('',(178.9,216.,0.));
#399 = VECTOR('',#400,1.);
#400 = DIRECTION('',(0.,0.,1.));
#401 = ORIENTED_EDGE('',*,*,#273,.F.);
#402 = FACE_BOUND('',#403,.F.);
#403 = EDGE_LOOP('',(#404));
#404 = ORIENTED_EDGE('',*,*,#405,.F.);
#405 = EDGE_CURVE('',#406,#406,#408,.T.);
#406 = VERTEX_POINT('',#407);
#407 = CARTESIAN_POINT('',(178.9,207.,31.7));
#408 = CIRCLE('',#409,1.7);
#409 = AXIS2_PLACEMENT_3D('',#410,#411,#412);
#410 = CARTESIAN_POINT('',(178.9,207.,30.));
#411 = DIRECTION('',(1.,0.,0.));
#412 = DIRECTION('',(-0.,0.,1.));
#413 = FACE_BOUND('',#414,.F.);
#414 = EDGE_LOOP('',(#415));
#415 = ORIENTED_EDGE('',*,*,#416,.F.);
#416 = EDGE_CURVE('',#417,#417,#419,.T.);
#417 = VERTEX_POINT('',#418);
#418 = CARTESIAN_POINT('',(178.9,136.,14.7));
#419 = CIRCLE('',#420,1.7);
#420 = AXIS2_PLACEMENT_3D('',#421,#422,#423);
#421 = CARTESIAN_POINT('',(178.9,136.,13.));
#422 = DIRECTION('',(1.,0.,0.));
#423 = DIRECTION('',(-0.,0.,1.));
#424 = FACE_BOUND('',#425,.F.);
#425 = EDGE_LOOP('',(#426));
#426 = ORIENTED_EDGE('',*,*,#427,.F.);
#427 = EDGE_CURVE('',#428,#428,#430,.T.);
#428 = VERTEX_POINT('',#429);
#429 = CARTESIAN_POINT('',(178.9,207.,87.835));
#430 = CIRCLE('',#431,1.7);
#431 = AXIS2_PLACEMENT_3D('',#432,#433,#434);
#432 = CARTESIAN_POINT('',(178.9,207.,86.135));
#433 = DIRECTION('',(1.,0.,0.));
#434 = DIRECTION('',(-0.,0.,1.));
#435 = FACE_BOUND('',#436,.F.);
#436 = EDGE_LOOP('',(#437));
#437 = ORIENTED_EDGE('',*,*,#438,.F.);
#438 = EDGE_CURVE('',#439,#439,#441,.T.);
#439 = VERTEX_POINT('',#440);
#440 = CARTESIAN_POINT('',(178.9,207.,143.97));
#441 = CIRCLE('',#442,1.7);
#442 = AXIS2_PLACEMENT_3D('',#443,#444,#445);
#443 = CARTESIAN_POINT('',(178.9,207.,142.27));
#444 = DIRECTION('',(1.,0.,0.));
#445 = DIRECTION('',(-0.,0.,1.));
#446 = FACE_BOUND('',#447,.F.);
#447 = EDGE_LOOP('',(#448));
#448 = ORIENTED_EDGE('',*,*,#449,.F.);
#449 = EDGE_CURVE('',#450,#450,#452,.T.);
#450 = VERTEX_POINT('',#451);
#451 = CARTESIAN_POINT('',(178.9,46.,14.7));
#452 = CIRCLE('',#453,1.7);
#453 = AXIS2_PLACEMENT_3D('',#454,#455,#456);
#454 = CARTESIAN_POINT('',(178.9,46.,13.));
#455 = DIRECTION('',(1.,0.,0.));
#456 = DIRECTION('',(-0.,0.,1.));
#457 = FACE_BOUND('',#458,.F.);
#458 = EDGE_LOOP('',(#459));
#459 = ORIENTED_EDGE('',*,*,#460,.F.);
#460 = EDGE_CURVE('',#461,#461,#463,.T.);
#461 = VERTEX_POINT('',#462);
#462 = CARTESIAN_POINT('',(178.9,9.,31.7));
#463 = CIRCLE('',#464,1.7);
#464 = AXIS2_PLACEMENT_3D('',#465,#466,#467);
#465 = CARTESIAN_POINT('',(178.9,9.,30.));
#466 = DIRECTION('',(1.,0.,0.));
#467 = DIRECTION('',(-0.,0.,1.));
#468 = FACE_BOUND('',#469,.F.);
#469 = EDGE_LOOP('',(#470));
#470 = ORIENTED_EDGE('',*,*,#471,.F.);
#471 = EDGE_CURVE('',#472,#472,#474,.T.);
#472 = VERTEX_POINT('',#473);
#473 = CARTESIAN_POINT('',(178.9,9.,87.835));
#474 = CIRCLE('',#475,1.7);
#475 = AXIS2_PLACEMENT_3D('',#476,#477,#478);
#476 = CARTESIAN_POINT('',(178.9,9.,86.135));
#477 = DIRECTION('',(1.,0.,0.));
#478 = DIRECTION('',(-0.,0.,1.));
#479 = FACE_BOUND('',#480,.F.);
#480 = EDGE_LOOP('',(#481));
#481 = ORIENTED_EDGE('',*,*,#482,.F.);
#482 = EDGE_CURVE('',#483,#483,#485,.T.);
#483 = VERTEX_POINT('',#484);
#484 = CARTESIAN_POINT('',(178.9,9.,143.97));
#485 = CIRCLE('',#486,1.7);
#486 = AXIS2_PLACEMENT_3D('',#487,#488,#489);
#487 = CARTESIAN_POINT('',(178.9,9.,142.27));
#488 = DIRECTION('',(1.,0.,0.));
#489 = DIRECTION('',(-0.,0.,1.));
#490 = PLANE('',#491);
#491 = AXIS2_PLACEMENT_3D('',#492,#493,#494);
#492 = CARTESIAN_POINT('',(178.9,0.,0.));
#493 = DIRECTION('',(1.,0.,-0.));
#494 = DIRECTION('',(0.,0.,1.));
#495 = ADVANCED_FACE('',(#496),#515,.T.);
#496 = FACE_BOUND('',#497,.T.);
#497 = EDGE_LOOP('',(#498,#499,#507,#514));
#498 = ORIENTED_EDGE('',*,*,#97,.T.);
#499 = ORIENTED_EDGE('',*,*,#500,.T.);
#500 = EDGE_CURVE('',#90,#501,#503,.T.);
#501 = VERTEX_POINT('',#502);
#502 = CARTESIAN_POINT('',(-8.881784197001E-16,216.,4.));
#503 = LINE('',#504,#505);
#504 = CARTESIAN_POINT('',(-8.881784197001E-16,0.,4.));
#505 = VECTOR('',#506,1.);
#506 = DIRECTION('',(-0.,1.,0.));
#507 = ORIENTED_EDGE('',*,*,#508,.F.);
#508 = EDGE_CURVE('',#298,#501,#509,.T.);
#509 = CIRCLE('',#510,4.);
#510 = AXIS2_PLACEMENT_3D('',#511,#512,#513);
#511 = CARTESIAN_POINT('',(4.,216.,4.));
#512 = DIRECTION('',(-0.,1.,0.));
#513 = DIRECTION('',(0.,0.,1.));
#514 = ORIENTED_EDGE('',*,*,#305,.F.);
#515 = CYLINDRICAL_SURFACE('',#516,4.);
#516 = AXIS2_PLACEMENT_3D('',#517,#518,#519);
#517 = CARTESIAN_POINT('',(4.,0.,4.));
#518 = DIRECTION('',(-0.,1.,0.));
#519 = DIRECTION('',(-0.,0.,-1.));
#520 = ADVANCED_FACE('',(#521),#540,.F.);
#521 = FACE_BOUND('',#522,.T.);
#522 = EDGE_LOOP('',(#523,#524,#525,#534));
#523 = ORIENTED_EDGE('',*,*,#47,.T.);
#524 = ORIENTED_EDGE('',*,*,#388,.T.);
#525 = ORIENTED_EDGE('',*,*,#526,.F.);
#526 = EDGE_CURVE('',#527,#389,#529,.T.);
#527 = VERTEX_POINT('',#528);
#528 = CARTESIAN_POINT('',(176.9,216.,2.));
#529 = CIRCLE('',#530,2.);
#530 = AXIS2_PLACEMENT_3D('',#531,#532,#533);
#531 = CARTESIAN_POINT('',(176.9,216.,4.));
#532 = DIRECTION('',(0.,-1.,0.));
#533 = DIRECTION('',(0.,0.,1.));
#534 = ORIENTED_EDGE('',*,*,#535,.F.);
#535 = EDGE_CURVE('',#48,#527,#536,.T.);
#536 = LINE('',#537,#538);
#537 = CARTESIAN_POINT('',(176.9,0.,2.));
#538 = VECTOR('',#539,1.);
#539 = DIRECTION('',(-0.,1.,0.));
#540 = CYLINDRICAL_SURFACE('',#541,2.);
#541 = AXIS2_PLACEMENT_3D('',#542,#543,#544);
#542 = CARTESIAN_POINT('',(176.9,0.,4.));
#543 = DIRECTION('',(-0.,1.,0.));
#544 = DIRECTION('',(-0.,0.,-1.));
#545 = ADVANCED_FACE('',(#546,#564,#575,#586,#597,#608,#619,#630,#641),
  #652,.T.);
#546 = FACE_BOUND('',#547,.T.);
#547 = EDGE_LOOP('',(#548,#549,#557,#563));
#548 = ORIENTED_EDGE('',*,*,#89,.T.);
#549 = ORIENTED_EDGE('',*,*,#550,.T.);
#550 = EDGE_CURVE('',#82,#551,#553,.T.);
#551 = VERTEX_POINT('',#552);
#552 = CARTESIAN_POINT('',(0.,216.,170.27));
#553 = LINE('',#554,#555);
#554 = CARTESIAN_POINT('',(0.,0.,170.27));
#555 = VECTOR('',#556,1.);
#556 = DIRECTION('',(-0.,1.,0.));
#557 = ORIENTED_EDGE('',*,*,#558,.F.);
#558 = EDGE_CURVE('',#501,#551,#559,.T.);
#559 = LINE('',#560,#561);
#560 = CARTESIAN_POINT('',(0.,216.,0.));
#561 = VECTOR('',#562,1.);
#562 = DIRECTION('',(0.,0.,1.));
#563 = ORIENTED_EDGE('',*,*,#500,.F.);
#564 = FACE_BOUND('',#565,.T.);
#565 = EDGE_LOOP('',(#566));
#566 = ORIENTED_EDGE('',*,*,#567,.T.);
#567 = EDGE_CURVE('',#568,#568,#570,.T.);
#568 = VERTEX_POINT('',#569);
#569 = CARTESIAN_POINT('',(0.,207.,143.97));
#570 = CIRCLE('',#571,1.7);
#571 = AXIS2_PLACEMENT_3D('',#572,#573,#574);
#572 = CARTESIAN_POINT('',(0.,207.,142.27));
#573 = DIRECTION('',(1.,0.,0.));
#574 = DIRECTION('',(-0.,0.,1.));
#575 = FACE_BOUND('',#576,.T.);
#576 = EDGE_LOOP('',(#577));
#577 = ORIENTED_EDGE('',*,*,#578,.T.);
#578 = EDGE_CURVE('',#579,#579,#581,.T.);
#579 = VERTEX_POINT('',#580);
#580 = CARTESIAN_POINT('',(0.,207.,87.835));
#581 = CIRCLE('',#582,1.7);
#582 = AXIS2_PLACEMENT_3D('',#583,#584,#585);
#583 = CARTESIAN_POINT('',(0.,207.,86.135));
#584 = DIRECTION('',(1.,0.,0.));
#585 = DIRECTION('',(-0.,0.,1.));
#586 = FACE_BOUND('',#587,.T.);
#587 = EDGE_LOOP('',(#588));
#588 = ORIENTED_EDGE('',*,*,#589,.T.);
#589 = EDGE_CURVE('',#590,#590,#592,.T.);
#590 = VERTEX_POINT('',#591);
#591 = CARTESIAN_POINT('',(0.,207.,31.7));
#592 = CIRCLE('',#593,1.7);
#593 = AXIS2_PLACEMENT_3D('',#594,#595,#596);
#594 = CARTESIAN_POINT('',(0.,207.,30.));
#595 = DIRECTION('',(1.,0.,0.));
#596 = DIRECTION('',(-0.,0.,1.));
#597 = FACE_BOUND('',#598,.T.);
#598 = EDGE_LOOP('',(#599));
#599 = ORIENTED_EDGE('',*,*,#600,.T.);
#600 = EDGE_CURVE('',#601,#601,#603,.T.);
#601 = VERTEX_POINT('',#602);
#602 = CARTESIAN_POINT('',(0.,136.,14.7));
#603 = CIRCLE('',#604,1.7);
#604 = AXIS2_PLACEMENT_3D('',#605,#606,#607);
#605 = CARTESIAN_POINT('',(0.,136.,13.));
#606 = DIRECTION('',(1.,0.,0.));
#607 = DIRECTION('',(-0.,0.,1.));
#608 = FACE_BOUND('',#609,.T.);
#609 = EDGE_LOOP('',(#610));
#610 = ORIENTED_EDGE('',*,*,#611,.T.);
#611 = EDGE_CURVE('',#612,#612,#614,.T.);
#612 = VERTEX_POINT('',#613);
#613 = CARTESIAN_POINT('',(0.,9.,143.97));
#614 = CIRCLE('',#615,1.7);
#615 = AXIS2_PLACEMENT_3D('',#616,#617,#618);
#616 = CARTESIAN_POINT('',(0.,9.,142.27));
#617 = DIRECTION('',(1.,0.,0.));
#618 = DIRECTION('',(-0.,0.,1.));
#619 = FACE_BOUND('',#620,.T.);
#620 = EDGE_LOOP('',(#621));
#621 = ORIENTED_EDGE('',*,*,#622,.T.);
#622 = EDGE_CURVE('',#623,#623,#625,.T.);
#623 = VERTEX_POINT('',#624);
#624 = CARTESIAN_POINT('',(0.,9.,87.835));
#625 = CIRCLE('',#626,1.7);
#626 = AXIS2_PLACEMENT_3D('',#627,#628,#629);
#627 = CARTESIAN_POINT('',(0.,9.,86.135));
#628 = DIRECTION('',(1.,0.,0.));
#629 = DIRECTION('',(-0.,0.,1.));
#630 = FACE_BOUND('',#631,.T.);
#631 = EDGE_LOOP('',(#632));
#632 = ORIENTED_EDGE('',*,*,#633,.T.);
#633 = EDGE_CURVE('',#634,#634,#636,.T.);
#634 = VERTEX_POINT('',#635);
#635 = CARTESIAN_POINT('',(0.,46.,14.7));
#636 = CIRCLE('',#637,1.7);
#637 = AXIS2_PLACEMENT_3D('',#638,#639,#640);
#638 = CARTESIAN_POINT('',(0.,46.,13.));
#639 = DIRECTION('',(1.,0.,0.));
#640 = DIRECTION('',(-0.,0.,1.));
#641 = FACE_BOUND('',#642,.T.);
#642 = EDGE_LOOP('',(#643));
#643 = ORIENTED_EDGE('',*,*,#644,.T.);
#644 = EDGE_CURVE('',#645,#645,#647,.T.);
#645 = VERTEX_POINT('',#646);
#646 = CARTESIAN_POINT('',(0.,9.,31.7));
#647 = CIRCLE('',#648,1.7);
#648 = AXIS2_PLACEMENT_3D('',#649,#650,#651);
#649 = CARTESIAN_POINT('',(0.,9.,30.));
#650 = DIRECTION('',(1.,0.,0.));
#651 = DIRECTION('',(-0.,0.,1.));
#652 = PLANE('',#653);
#653 = AXIS2_PLACEMENT_3D('',#654,#655,#656);
#654 = CARTESIAN_POINT('',(0.,108.,85.135));
#655 = DIRECTION('',(-1.,-0.,-0.));
#656 = DIRECTION('',(0.,0.,-1.));
#657 = ADVANCED_FACE('',(#658,#676,#687,#698,#709,#720,#731),#742,.T.);
#658 = FACE_BOUND('',#659,.T.);
#659 = EDGE_LOOP('',(#660,#668,#674,#675));
#660 = ORIENTED_EDGE('',*,*,#661,.F.);
#661 = EDGE_CURVE('',#662,#527,#664,.T.);
#662 = VERTEX_POINT('',#663);
#663 = CARTESIAN_POINT('',(4.,216.,2.));
#664 = LINE('',#665,#666);
#665 = CARTESIAN_POINT('',(0.,216.,2.));
#666 = VECTOR('',#667,1.);
#667 = DIRECTION('',(1.,0.,-0.));
#668 = ORIENTED_EDGE('',*,*,#669,.F.);
#669 = EDGE_CURVE('',#57,#662,#670,.T.);
#670 = LINE('',#671,#672);
#671 = CARTESIAN_POINT('',(4.,0.,2.));
#672 = VECTOR('',#673,1.);
#673 = DIRECTION('',(-0.,1.,0.));
#674 = ORIENTED_EDGE('',*,*,#56,.T.);
#675 = ORIENTED_EDGE('',*,*,#535,.T.);
#676 = FACE_BOUND('',#677,.T.);
#677 = EDGE_LOOP('',(#678));
#678 = ORIENTED_EDGE('',*,*,#679,.F.);
#679 = EDGE_CURVE('',#680,#680,#682,.T.);
#680 = VERTEX_POINT('',#681);
#681 = CARTESIAN_POINT('',(31.7,9.,2.));
#682 = CIRCLE('',#683,1.7);
#683 = AXIS2_PLACEMENT_3D('',#684,#685,#686);
#684 = CARTESIAN_POINT('',(30.,9.,2.));
#685 = DIRECTION('',(0.,0.,1.));
#686 = DIRECTION('',(1.,0.,-0.));
#687 = FACE_BOUND('',#688,.T.);
#688 = EDGE_LOOP('',(#689));
#689 = ORIENTED_EDGE('',*,*,#690,.F.);
#690 = EDGE_CURVE('',#691,#691,#693,.T.);
#691 = VERTEX_POINT('',#692);
#692 = CARTESIAN_POINT('',(92.15,9.,2.));
#693 = CIRCLE('',#694,1.7);
#694 = AXIS2_PLACEMENT_3D('',#695,#696,#697);
#695 = CARTESIAN_POINT('',(90.45,9.,2.));
#696 = DIRECTION('',(0.,0.,1.));
#697 = DIRECTION('',(1.,0.,-0.));
#698 = FACE_BOUND('',#699,.T.);
#699 = EDGE_LOOP('',(#700));
#700 = ORIENTED_EDGE('',*,*,#701,.F.);
#701 = EDGE_CURVE('',#702,#702,#704,.T.);
#702 = VERTEX_POINT('',#703);
#703 = CARTESIAN_POINT('',(152.6,9.,2.));
#704 = CIRCLE('',#705,1.7);
#705 = AXIS2_PLACEMENT_3D('',#706,#707,#708);
#706 = CARTESIAN_POINT('',(150.9,9.,2.));
#707 = DIRECTION('',(0.,0.,1.));
#708 = DIRECTION('',(1.,0.,-0.));
#709 = FACE_BOUND('',#710,.T.);
#710 = EDGE_LOOP('',(#711));
#711 = ORIENTED_EDGE('',*,*,#712,.F.);
#712 = EDGE_CURVE('',#713,#713,#715,.T.);
#713 = VERTEX_POINT('',#714);
#714 = CARTESIAN_POINT('',(31.7,207.,2.));
#715 = CIRCLE('',#716,1.7);
#716 = AXIS2_PLACEMENT_3D('',#717,#718,#719);
#717 = CARTESIAN_POINT('',(30.,207.,2.));
#718 = DIRECTION('',(0.,0.,1.));
#719 = DIRECTION('',(1.,0.,-0.));
#720 = FACE_BOUND('',#721,.T.);
#721 = EDGE_LOOP('',(#722));
#722 = ORIENTED_EDGE('',*,*,#723,.F.);
#723 = EDGE_CURVE('',#724,#724,#726,.T.);
#724 = VERTEX_POINT('',#725);
#725 = CARTESIAN_POINT('',(92.15,207.,2.));
#726 = CIRCLE('',#727,1.7);
#727 = AXIS2_PLACEMENT_3D('',#728,#729,#730);
#728 = CARTESIAN_POINT('',(90.45,207.,2.));
#729 = DIRECTION('',(0.,0.,1.));
#730 = DIRECTION('',(1.,0.,-0.));
#731 = FACE_BOUND('',#732,.T.);
#732 = EDGE_LOOP('',(#733));
#733 = ORIENTED_EDGE('',*,*,#734,.F.);
#734 = EDGE_CURVE('',#735,#735,#737,.T.);
#735 = VERTEX_POINT('',#736);
#736 = CARTESIAN_POINT('',(152.6,207.,2.));
#737 = CIRCLE('',#738,1.7);
#738 = AXIS2_PLACEMENT_3D('',#739,#740,#741);
#739 = CARTESIAN_POINT('',(150.9,207.,2.));
#740 = DIRECTION('',(0.,0.,1.));
#741 = DIRECTION('',(1.,0.,-0.));
#742 = PLANE('',#743);
#743 = AXIS2_PLACEMENT_3D('',#744,#745,#746);
#744 = CARTESIAN_POINT('',(0.,0.,2.));
#745 = DIRECTION('',(0.,0.,1.));
#746 = DIRECTION('',(1.,0.,-0.));
#747 = ADVANCED_FACE('',(#748),#766,.T.);
#748 = FACE_BOUND('',#749,.T.);
#749 = EDGE_LOOP('',(#750,#751,#752,#760));
#750 = ORIENTED_EDGE('',*,*,#550,.F.);
#751 = ORIENTED_EDGE('',*,*,#81,.T.);
#752 = ORIENTED_EDGE('',*,*,#753,.T.);
#753 = EDGE_CURVE('',#74,#754,#756,.T.);
#754 = VERTEX_POINT('',#755);
#755 = CARTESIAN_POINT('',(2.,216.,170.27));
#756 = LINE('',#757,#758);
#757 = CARTESIAN_POINT('',(2.,0.,170.27));
#758 = VECTOR('',#759,1.);
#759 = DIRECTION('',(-0.,1.,0.));
#760 = ORIENTED_EDGE('',*,*,#761,.F.);
#761 = EDGE_CURVE('',#551,#754,#762,.T.);
#762 = LINE('',#763,#764);
#763 = CARTESIAN_POINT('',(0.,216.,170.27));
#764 = VECTOR('',#765,1.);
#765 = DIRECTION('',(1.,0.,-0.));
#766 = PLANE('',#767);
#767 = AXIS2_PLACEMENT_3D('',#768,#769,#770);
#768 = CARTESIAN_POINT('',(0.,0.,170.27));
#769 = DIRECTION('',(0.,0.,1.));
#770 = DIRECTION('',(1.,0.,-0.));
#771 = ADVANCED_FACE('',(#772),#791,.F.);
#772 = FACE_BOUND('',#773,.T.);
#773 = EDGE_LOOP('',(#774,#775,#776,#785));
#774 = ORIENTED_EDGE('',*,*,#64,.T.);
#775 = ORIENTED_EDGE('',*,*,#669,.T.);
#776 = ORIENTED_EDGE('',*,*,#777,.F.);
#777 = EDGE_CURVE('',#778,#662,#780,.T.);
#778 = VERTEX_POINT('',#779);
#779 = CARTESIAN_POINT('',(2.,216.,4.));
#780 = CIRCLE('',#781,2.);
#781 = AXIS2_PLACEMENT_3D('',#782,#783,#784);
#782 = CARTESIAN_POINT('',(4.,216.,4.));
#783 = DIRECTION('',(0.,-1.,0.));
#784 = DIRECTION('',(0.,0.,1.));
#785 = ORIENTED_EDGE('',*,*,#786,.F.);
#786 = EDGE_CURVE('',#65,#778,#787,.T.);
#787 = LINE('',#788,#789);
#788 = CARTESIAN_POINT('',(2.,0.,4.));
#789 = VECTOR('',#790,1.);
#790 = DIRECTION('',(-0.,1.,0.));
#791 = CYLINDRICAL_SURFACE('',#792,2.);
#792 = AXIS2_PLACEMENT_3D('',#793,#794,#795);
#793 = CARTESIAN_POINT('',(4.,0.,4.));
#794 = DIRECTION('',(-0.,1.,0.));
#795 = DIRECTION('',(-1.,-0.,0.));
#796 = ADVANCED_FACE('',(#797,#808,#819,#830,#841,#852,#863,#874,#885),
  #896,.T.);
#797 = FACE_BOUND('',#798,.T.);
#798 = EDGE_LOOP('',(#799,#800,#801,#807));
#799 = ORIENTED_EDGE('',*,*,#73,.F.);
#800 = ORIENTED_EDGE('',*,*,#786,.T.);
#801 = ORIENTED_EDGE('',*,*,#802,.T.);
#802 = EDGE_CURVE('',#778,#754,#803,.T.);
#803 = LINE('',#804,#805);
#804 = CARTESIAN_POINT('',(2.,216.,0.));
#805 = VECTOR('',#806,1.);
#806 = DIRECTION('',(0.,0.,1.));
#807 = ORIENTED_EDGE('',*,*,#753,.F.);
#808 = FACE_BOUND('',#809,.T.);
#809 = EDGE_LOOP('',(#810));
#810 = ORIENTED_EDGE('',*,*,#811,.F.);
#811 = EDGE_CURVE('',#812,#812,#814,.T.);
#812 = VERTEX_POINT('',#813);
#813 = CARTESIAN_POINT('',(2.,207.,31.7));
#814 = CIRCLE('',#815,1.7);
#815 = AXIS2_PLACEMENT_3D('',#816,#817,#818);
#816 = CARTESIAN_POINT('',(2.,207.,30.));
#817 = DIRECTION('',(1.,0.,0.));
#818 = DIRECTION('',(-0.,0.,1.));
#819 = FACE_BOUND('',#820,.T.);
#820 = EDGE_LOOP('',(#821));
#821 = ORIENTED_EDGE('',*,*,#822,.F.);
#822 = EDGE_CURVE('',#823,#823,#825,.T.);
#823 = VERTEX_POINT('',#824);
#824 = CARTESIAN_POINT('',(2.,136.,14.7));
#825 = CIRCLE('',#826,1.7);
#826 = AXIS2_PLACEMENT_3D('',#827,#828,#829);
#827 = CARTESIAN_POINT('',(2.,136.,13.));
#828 = DIRECTION('',(1.,0.,0.));
#829 = DIRECTION('',(-0.,0.,1.));
#830 = FACE_BOUND('',#831,.T.);
#831 = EDGE_LOOP('',(#832));
#832 = ORIENTED_EDGE('',*,*,#833,.F.);
#833 = EDGE_CURVE('',#834,#834,#836,.T.);
#834 = VERTEX_POINT('',#835);
#835 = CARTESIAN_POINT('',(2.,207.,87.835));
#836 = CIRCLE('',#837,1.7);
#837 = AXIS2_PLACEMENT_3D('',#838,#839,#840);
#838 = CARTESIAN_POINT('',(2.,207.,86.135));
#839 = DIRECTION('',(1.,0.,0.));
#840 = DIRECTION('',(-0.,0.,1.));
#841 = FACE_BOUND('',#842,.T.);
#842 = EDGE_LOOP('',(#843));
#843 = ORIENTED_EDGE('',*,*,#844,.F.);
#844 = EDGE_CURVE('',#845,#845,#847,.T.);
#845 = VERTEX_POINT('',#846);
#846 = CARTESIAN_POINT('',(2.,207.,143.97));
#847 = CIRCLE('',#848,1.7);
#848 = AXIS2_PLACEMENT_3D('',#849,#850,#851);
#849 = CARTESIAN_POINT('',(2.,207.,142.27));
#850 = DIRECTION('',(1.,0.,0.));
#851 = DIRECTION('',(-0.,0.,1.));
#852 = FACE_BOUND('',#853,.T.);
#853 = EDGE_LOOP('',(#854));
#854 = ORIENTED_EDGE('',*,*,#855,.F.);
#855 = EDGE_CURVE('',#856,#856,#858,.T.);
#856 = VERTEX_POINT('',#857);
#857 = CARTESIAN_POINT('',(2.,46.,14.7));
#858 = CIRCLE('',#859,1.7);
#859 = AXIS2_PLACEMENT_3D('',#860,#861,#862);
#860 = CARTESIAN_POINT('',(2.,46.,13.));
#861 = DIRECTION('',(1.,0.,0.));
#862 = DIRECTION('',(-0.,0.,1.));
#863 = FACE_BOUND('',#864,.T.);
#864 = EDGE_LOOP('',(#865));
#865 = ORIENTED_EDGE('',*,*,#866,.F.);
#866 = EDGE_CURVE('',#867,#867,#869,.T.);
#867 = VERTEX_POINT('',#868);
#868 = CARTESIAN_POINT('',(2.,9.,31.7));
#869 = CIRCLE('',#870,1.7);
#870 = AXIS2_PLACEMENT_3D('',#871,#872,#873);
#871 = CARTESIAN_POINT('',(2.,9.,30.));
#872 = DIRECTION('',(1.,0.,0.));
#873 = DIRECTION('',(-0.,0.,1.));
#874 = FACE_BOUND('',#875,.T.);
#875 = EDGE_LOOP('',(#876));
#876 = ORIENTED_EDGE('',*,*,#877,.F.);
#877 = EDGE_CURVE('',#878,#878,#880,.T.);
#878 = VERTEX_POINT('',#879);
#879 = CARTESIAN_POINT('',(2.,9.,87.835));
#880 = CIRCLE('',#881,1.7);
#881 = AXIS2_PLACEMENT_3D('',#882,#883,#884);
#882 = CARTESIAN_POINT('',(2.,9.,86.135));
#883 = DIRECTION('',(1.,0.,0.));
#884 = DIRECTION('',(-0.,0.,1.));
#885 = FACE_BOUND('',#886,.T.);
#886 = EDGE_LOOP('',(#887));
#887 = ORIENTED_EDGE('',*,*,#888,.F.);
#888 = EDGE_CURVE('',#889,#889,#891,.T.);
#889 = VERTEX_POINT('',#890);
#890 = CARTESIAN_POINT('',(2.,9.,143.97));
#891 = CIRCLE('',#892,1.7);
#892 = AXIS2_PLACEMENT_3D('',#893,#894,#895);
#893 = CARTESIAN_POINT('',(2.,9.,142.27));
#894 = DIRECTION('',(1.,0.,0.));
#895 = DIRECTION('',(-0.,0.,1.));
#896 = PLANE('',#897);
#897 = AXIS2_PLACEMENT_3D('',#898,#899,#900);
#898 = CARTESIAN_POINT('',(2.,0.,0.));
#899 = DIRECTION('',(1.,0.,-0.));
#900 = DIRECTION('',(0.,0.,1.));
#901 = ADVANCED_FACE('',(#902),#916,.T.);
#902 = FACE_BOUND('',#903,.T.);
#903 = EDGE_LOOP('',(#904,#905,#906,#907,#908,#909,#910,#911,#912,#913,
    #914,#915));
#904 = ORIENTED_EDGE('',*,*,#558,.T.);
#905 = ORIENTED_EDGE('',*,*,#761,.T.);
#906 = ORIENTED_EDGE('',*,*,#802,.F.);
#907 = ORIENTED_EDGE('',*,*,#777,.T.);
#908 = ORIENTED_EDGE('',*,*,#661,.T.);
#909 = ORIENTED_EDGE('',*,*,#526,.T.);
#910 = ORIENTED_EDGE('',*,*,#396,.T.);
#911 = ORIENTED_EDGE('',*,*,#283,.T.);
#912 = ORIENTED_EDGE('',*,*,#138,.F.);
#913 = ORIENTED_EDGE('',*,*,#257,.T.);
#914 = ORIENTED_EDGE('',*,*,#297,.F.);
#915 = ORIENTED_EDGE('',*,*,#508,.T.);
#916 = PLANE('',#917);
#917 = AXIS2_PLACEMENT_3D('',#918,#919,#920);
#918 = CARTESIAN_POINT('',(90.45,216.,56.80600820114));
#919 = DIRECTION('',(0.,1.,0.));
#920 = DIRECTION('',(0.,-0.,1.));
#921 = ADVANCED_FACE('',(#922),#933,.F.);
#922 = FACE_BOUND('',#923,.F.);
#923 = EDGE_LOOP('',(#924,#925,#931,#932));
#924 = ORIENTED_EDGE('',*,*,#154,.F.);
#925 = ORIENTED_EDGE('',*,*,#926,.F.);
#926 = EDGE_CURVE('',#406,#155,#927,.T.);
#927 = LINE('',#928,#929);
#928 = CARTESIAN_POINT('',(177.9,207.,31.7));
#929 = VECTOR('',#930,1.);
#930 = DIRECTION('',(1.,0.,0.));
#931 = ORIENTED_EDGE('',*,*,#405,.T.);
#932 = ORIENTED_EDGE('',*,*,#926,.T.);
#933 = CYLINDRICAL_SURFACE('',#934,1.7);
#934 = AXIS2_PLACEMENT_3D('',#935,#936,#937);
#935 = CARTESIAN_POINT('',(177.9,207.,30.));
#936 = DIRECTION('',(1.,0.,0.));
#937 = DIRECTION('',(-0.,0.,1.));
#938 = ADVANCED_FACE('',(#939),#950,.F.);
#939 = FACE_BOUND('',#940,.F.);
#940 = EDGE_LOOP('',(#941,#942,#948,#949));
#941 = ORIENTED_EDGE('',*,*,#165,.F.);
#942 = ORIENTED_EDGE('',*,*,#943,.F.);
#943 = EDGE_CURVE('',#417,#166,#944,.T.);
#944 = LINE('',#945,#946);
#945 = CARTESIAN_POINT('',(177.9,136.,14.7));
#946 = VECTOR('',#947,1.);
#947 = DIRECTION('',(1.,0.,0.));
#948 = ORIENTED_EDGE('',*,*,#416,.T.);
#949 = ORIENTED_EDGE('',*,*,#943,.T.);
#950 = CYLINDRICAL_SURFACE('',#951,1.7);
#951 = AXIS2_PLACEMENT_3D('',#952,#953,#954);
#952 = CARTESIAN_POINT('',(177.9,136.,13.));
#953 = DIRECTION('',(1.,0.,0.));
#954 = DIRECTION('',(-0.,0.,1.));
#955 = ADVANCED_FACE('',(#956),#967,.F.);
#956 = FACE_BOUND('',#957,.F.);
#957 = EDGE_LOOP('',(#958,#959,#965,#966));
#958 = ORIENTED_EDGE('',*,*,#176,.F.);
#959 = ORIENTED_EDGE('',*,*,#960,.F.);
#960 = EDGE_CURVE('',#428,#177,#961,.T.);
#961 = LINE('',#962,#963);
#962 = CARTESIAN_POINT('',(177.9,207.,87.835));
#963 = VECTOR('',#964,1.);
#964 = DIRECTION('',(1.,0.,0.));
#965 = ORIENTED_EDGE('',*,*,#427,.T.);
#966 = ORIENTED_EDGE('',*,*,#960,.T.);
#967 = CYLINDRICAL_SURFACE('',#968,1.7);
#968 = AXIS2_PLACEMENT_3D('',#969,#970,#971);
#969 = CARTESIAN_POINT('',(177.9,207.,86.135));
#970 = DIRECTION('',(1.,0.,0.));
#971 = DIRECTION('',(-0.,0.,1.));
#972 = ADVANCED_FACE('',(#973),#984,.F.);
#973 = FACE_BOUND('',#974,.F.);
#974 = EDGE_LOOP('',(#975,#976,#982,#983));
#975 = ORIENTED_EDGE('',*,*,#187,.F.);
#976 = ORIENTED_EDGE('',*,*,#977,.F.);
#977 = EDGE_CURVE('',#439,#188,#978,.T.);
#978 = LINE('',#979,#980);
#979 = CARTESIAN_POINT('',(177.9,207.,143.97));
#980 = VECTOR('',#981,1.);
#981 = DIRECTION('',(1.,0.,0.));
#982 = ORIENTED_EDGE('',*,*,#438,.T.);
#983 = ORIENTED_EDGE('',*,*,#977,.T.);
#984 = CYLINDRICAL_SURFACE('',#985,1.7);
#985 = AXIS2_PLACEMENT_3D('',#986,#987,#988);
#986 = CARTESIAN_POINT('',(177.9,207.,142.27));
#987 = DIRECTION('',(1.,0.,0.));
#988 = DIRECTION('',(-0.,0.,1.));
#989 = ADVANCED_FACE('',(#990),#1001,.F.);
#990 = FACE_BOUND('',#991,.F.);
#991 = EDGE_LOOP('',(#992,#993,#999,#1000));
#992 = ORIENTED_EDGE('',*,*,#198,.F.);
#993 = ORIENTED_EDGE('',*,*,#994,.F.);
#994 = EDGE_CURVE('',#450,#199,#995,.T.);
#995 = LINE('',#996,#997);
#996 = CARTESIAN_POINT('',(177.9,46.,14.7));
#997 = VECTOR('',#998,1.);
#998 = DIRECTION('',(1.,0.,0.));
#999 = ORIENTED_EDGE('',*,*,#449,.T.);
#1000 = ORIENTED_EDGE('',*,*,#994,.T.);
#1001 = CYLINDRICAL_SURFACE('',#1002,1.7);
#1002 = AXIS2_PLACEMENT_3D('',#1003,#1004,#1005);
#1003 = CARTESIAN_POINT('',(177.9,46.,13.));
#1004 = DIRECTION('',(1.,0.,0.));
#1005 = DIRECTION('',(-0.,0.,1.));
#1006 = ADVANCED_FACE('',(#1007),#1018,.F.);
#1007 = FACE_BOUND('',#1008,.F.);
#1008 = EDGE_LOOP('',(#1009,#1010,#1016,#1017));
#1009 = ORIENTED_EDGE('',*,*,#209,.F.);
#1010 = ORIENTED_EDGE('',*,*,#1011,.F.);
#1011 = EDGE_CURVE('',#461,#210,#1012,.T.);
#1012 = LINE('',#1013,#1014);
#1013 = CARTESIAN_POINT('',(177.9,9.,31.7));
#1014 = VECTOR('',#1015,1.);
#1015 = DIRECTION('',(1.,0.,0.));
#1016 = ORIENTED_EDGE('',*,*,#460,.T.);
#1017 = ORIENTED_EDGE('',*,*,#1011,.T.);
#1018 = CYLINDRICAL_SURFACE('',#1019,1.7);
#1019 = AXIS2_PLACEMENT_3D('',#1020,#1021,#1022);
#1020 = CARTESIAN_POINT('',(177.9,9.,30.));
#1021 = DIRECTION('',(1.,0.,0.));
#1022 = DIRECTION('',(-0.,0.,1.));
#1023 = ADVANCED_FACE('',(#1024),#1035,.F.);
#1024 = FACE_BOUND('',#1025,.F.);
#1025 = EDGE_LOOP('',(#1026,#1027,#1033,#1034));
#1026 = ORIENTED_EDGE('',*,*,#220,.F.);
#1027 = ORIENTED_EDGE('',*,*,#1028,.F.);
#1028 = EDGE_CURVE('',#472,#221,#1029,.T.);
#1029 = LINE('',#1030,#1031);
#1030 = CARTESIAN_POINT('',(177.9,9.,87.835));
#1031 = VECTOR('',#1032,1.);
#1032 = DIRECTION('',(1.,0.,0.));
#1033 = ORIENTED_EDGE('',*,*,#471,.T.);
#1034 = ORIENTED_EDGE('',*,*,#1028,.T.);
#1035 = CYLINDRICAL_SURFACE('',#1036,1.7);
#1036 = AXIS2_PLACEMENT_3D('',#1037,#1038,#1039);
#1037 = CARTESIAN_POINT('',(177.9,9.,86.135));
#1038 = DIRECTION('',(1.,0.,0.));
#1039 = DIRECTION('',(-0.,0.,1.));
#1040 = ADVANCED_FACE('',(#1041),#1052,.F.);
#1041 = FACE_BOUND('',#1042,.F.);
#1042 = EDGE_LOOP('',(#1043,#1044,#1050,#1051));
#1043 = ORIENTED_EDGE('',*,*,#231,.F.);
#1044 = ORIENTED_EDGE('',*,*,#1045,.F.);
#1045 = EDGE_CURVE('',#483,#232,#1046,.T.);
#1046 = LINE('',#1047,#1048);
#1047 = CARTESIAN_POINT('',(177.9,9.,143.97));
#1048 = VECTOR('',#1049,1.);
#1049 = DIRECTION('',(1.,0.,0.));
#1050 = ORIENTED_EDGE('',*,*,#482,.T.);
#1051 = ORIENTED_EDGE('',*,*,#1045,.T.);
#1052 = CYLINDRICAL_SURFACE('',#1053,1.7);
#1053 = AXIS2_PLACEMENT_3D('',#1054,#1055,#1056);
#1054 = CARTESIAN_POINT('',(177.9,9.,142.27));
#1055 = DIRECTION('',(1.,0.,0.));
#1056 = DIRECTION('',(-0.,0.,1.));
#1057 = ADVANCED_FACE('',(#1058),#1069,.F.);
#1058 = FACE_BOUND('',#1059,.F.);
#1059 = EDGE_LOOP('',(#1060,#1061,#1067,#1068));
#1060 = ORIENTED_EDGE('',*,*,#679,.F.);
#1061 = ORIENTED_EDGE('',*,*,#1062,.F.);
#1062 = EDGE_CURVE('',#316,#680,#1063,.T.);
#1063 = LINE('',#1064,#1065);
#1064 = CARTESIAN_POINT('',(31.7,9.,-1.));
#1065 = VECTOR('',#1066,1.);
#1066 = DIRECTION('',(0.,0.,1.));
#1067 = ORIENTED_EDGE('',*,*,#315,.T.);
#1068 = ORIENTED_EDGE('',*,*,#1062,.T.);
#1069 = CYLINDRICAL_SURFACE('',#1070,1.7);
#1070 = AXIS2_PLACEMENT_3D('',#1071,#1072,#1073);
#1071 = CARTESIAN_POINT('',(30.,9.,-1.));
#1072 = DIRECTION('',(0.,0.,1.));
#1073 = DIRECTION('',(1.,0.,-0.));
#1074 = ADVANCED_FACE('',(#1075),#1086,.F.);
#1075 = FACE_BOUND('',#1076,.F.);
#1076 = EDGE_LOOP('',(#1077,#1078,#1084,#1085));
#1077 = ORIENTED_EDGE('',*,*,#690,.F.);
#1078 = ORIENTED_EDGE('',*,*,#1079,.F.);
#1079 = EDGE_CURVE('',#327,#691,#1080,.T.);
#1080 = LINE('',#1081,#1082);
#1081 = CARTESIAN_POINT('',(92.15,9.,-1.));
#1082 = VECTOR('',#1083,1.);
#1083 = DIRECTION('',(0.,0.,1.));
#1084 = ORIENTED_EDGE('',*,*,#326,.T.);
#1085 = ORIENTED_EDGE('',*,*,#1079,.T.);
#1086 = CYLINDRICAL_SURFACE('',#1087,1.7);
#1087 = AXIS2_PLACEMENT_3D('',#1088,#1089,#1090);
#1088 = CARTESIAN_POINT('',(90.45,9.,-1.));
#1089 = DIRECTION('',(0.,0.,1.));
#1090 = DIRECTION('',(1.,0.,-0.));
#1091 = ADVANCED_FACE('',(#1092),#1103,.F.);
#1092 = FACE_BOUND('',#1093,.F.);
#1093 = EDGE_LOOP('',(#1094,#1095,#1101,#1102));
#1094 = ORIENTED_EDGE('',*,*,#701,.F.);
#1095 = ORIENTED_EDGE('',*,*,#1096,.F.);
#1096 = EDGE_CURVE('',#338,#702,#1097,.T.);
#1097 = LINE('',#1098,#1099);
#1098 = CARTESIAN_POINT('',(152.6,9.,-1.));
#1099 = VECTOR('',#1100,1.);
#1100 = DIRECTION('',(0.,0.,1.));
#1101 = ORIENTED_EDGE('',*,*,#337,.T.);
#1102 = ORIENTED_EDGE('',*,*,#1096,.T.);
#1103 = CYLINDRICAL_SURFACE('',#1104,1.7);
#1104 = AXIS2_PLACEMENT_3D('',#1105,#1106,#1107);
#1105 = CARTESIAN_POINT('',(150.9,9.,-1.));
#1106 = DIRECTION('',(0.,0.,1.));
#1107 = DIRECTION('',(1.,0.,-0.));
#1108 = ADVANCED_FACE('',(#1109),#1120,.F.);
#1109 = FACE_BOUND('',#1110,.F.);
#1110 = EDGE_LOOP('',(#1111,#1112,#1118,#1119));
#1111 = ORIENTED_EDGE('',*,*,#712,.F.);
#1112 = ORIENTED_EDGE('',*,*,#1113,.F.);
#1113 = EDGE_CURVE('',#349,#713,#1114,.T.);
#1114 = LINE('',#1115,#1116);
#1115 = CARTESIAN_POINT('',(31.7,207.,-1.));
#1116 = VECTOR('',#1117,1.);
#1117 = DIRECTION('',(0.,0.,1.));
#1118 = ORIENTED_EDGE('',*,*,#348,.T.);
#1119 = ORIENTED_EDGE('',*,*,#1113,.T.);
#1120 = CYLINDRICAL_SURFACE('',#1121,1.7);
#1121 = AXIS2_PLACEMENT_3D('',#1122,#1123,#1124);
#1122 = CARTESIAN_POINT('',(30.,207.,-1.));
#1123 = DIRECTION('',(0.,0.,1.));
#1124 = DIRECTION('',(1.,0.,-0.));
#1125 = ADVANCED_FACE('',(#1126),#1137,.F.);
#1126 = FACE_BOUND('',#1127,.F.);
#1127 = EDGE_LOOP('',(#1128,#1129,#1135,#1136));
#1128 = ORIENTED_EDGE('',*,*,#723,.F.);
#1129 = ORIENTED_EDGE('',*,*,#1130,.F.);
#1130 = EDGE_CURVE('',#360,#724,#1131,.T.);
#1131 = LINE('',#1132,#1133);
#1132 = CARTESIAN_POINT('',(92.15,207.,-1.));
#1133 = VECTOR('',#1134,1.);
#1134 = DIRECTION('',(0.,0.,1.));
#1135 = ORIENTED_EDGE('',*,*,#359,.T.);
#1136 = ORIENTED_EDGE('',*,*,#1130,.T.);
#1137 = CYLINDRICAL_SURFACE('',#1138,1.7);
#1138 = AXIS2_PLACEMENT_3D('',#1139,#1140,#1141);
#1139 = CARTESIAN_POINT('',(90.45,207.,-1.));
#1140 = DIRECTION('',(0.,0.,1.));
#1141 = DIRECTION('',(1.,0.,-0.));
#1142 = ADVANCED_FACE('',(#1143),#1154,.F.);
#1143 = FACE_BOUND('',#1144,.F.);
#1144 = EDGE_LOOP('',(#1145,#1146,#1152,#1153));
#1145 = ORIENTED_EDGE('',*,*,#734,.F.);
#1146 = ORIENTED_EDGE('',*,*,#1147,.F.);
#1147 = EDGE_CURVE('',#371,#735,#1148,.T.);
#1148 = LINE('',#1149,#1150);
#1149 = CARTESIAN_POINT('',(152.6,207.,-1.));
#1150 = VECTOR('',#1151,1.);
#1151 = DIRECTION('',(0.,0.,1.));
#1152 = ORIENTED_EDGE('',*,*,#370,.T.);
#1153 = ORIENTED_EDGE('',*,*,#1147,.T.);
#1154 = CYLINDRICAL_SURFACE('',#1155,1.7);
#1155 = AXIS2_PLACEMENT_3D('',#1156,#1157,#1158);
#1156 = CARTESIAN_POINT('',(150.9,207.,-1.));
#1157 = DIRECTION('',(0.,0.,1.));
#1158 = DIRECTION('',(1.,0.,-0.));
#1159 = ADVANCED_FACE('',(#1160),#1171,.F.);
#1160 = FACE_BOUND('',#1161,.F.);
#1161 = EDGE_LOOP('',(#1162,#1163,#1169,#1170));
#1162 = ORIENTED_EDGE('',*,*,#844,.F.);
#1163 = ORIENTED_EDGE('',*,*,#1164,.F.);
#1164 = EDGE_CURVE('',#568,#845,#1165,.T.);
#1165 = LINE('',#1166,#1167);
#1166 = CARTESIAN_POINT('',(-1.,207.,143.97));
#1167 = VECTOR('',#1168,1.);
#1168 = DIRECTION('',(1.,0.,0.));
#1169 = ORIENTED_EDGE('',*,*,#567,.T.);
#1170 = ORIENTED_EDGE('',*,*,#1164,.T.);
#1171 = CYLINDRICAL_SURFACE('',#1172,1.7);
#1172 = AXIS2_PLACEMENT_3D('',#1173,#1174,#1175);
#1173 = CARTESIAN_POINT('',(-1.,207.,142.27));
#1174 = DIRECTION('',(1.,0.,0.));
#1175 = DIRECTION('',(-0.,0.,1.));
#1176 = ADVANCED_FACE('',(#1177),#1188,.F.);
#1177 = FACE_BOUND('',#1178,.F.);
#1178 = EDGE_LOOP('',(#1179,#1180,#1186,#1187));
#1179 = ORIENTED_EDGE('',*,*,#833,.F.);
#1180 = ORIENTED_EDGE('',*,*,#1181,.F.);
#1181 = EDGE_CURVE('',#579,#834,#1182,.T.);
#1182 = LINE('',#1183,#1184);
#1183 = CARTESIAN_POINT('',(-1.,207.,87.835));
#1184 = VECTOR('',#1185,1.);
#1185 = DIRECTION('',(1.,0.,0.));
#1186 = ORIENTED_EDGE('',*,*,#578,.T.);
#1187 = ORIENTED_EDGE('',*,*,#1181,.T.);
#1188 = CYLINDRICAL_SURFACE('',#1189,1.7);
#1189 = AXIS2_PLACEMENT_3D('',#1190,#1191,#1192);
#1190 = CARTESIAN_POINT('',(-1.,207.,86.135));
#1191 = DIRECTION('',(1.,0.,0.));
#1192 = DIRECTION('',(-0.,0.,1.));
#1193 = ADVANCED_FACE('',(#1194),#1205,.F.);
#1194 = FACE_BOUND('',#1195,.F.);
#1195 = EDGE_LOOP('',(#1196,#1197,#1203,#1204));
#1196 = ORIENTED_EDGE('',*,*,#811,.F.);
#1197 = ORIENTED_EDGE('',*,*,#1198,.F.);
#1198 = EDGE_CURVE('',#590,#812,#1199,.T.);
#1199 = LINE('',#1200,#1201);
#1200 = CARTESIAN_POINT('',(-1.,207.,31.7));
#1201 = VECTOR('',#1202,1.);
#1202 = DIRECTION('',(1.,0.,0.));
#1203 = ORIENTED_EDGE('',*,*,#589,.T.);
#1204 = ORIENTED_EDGE('',*,*,#1198,.T.);
#1205 = CYLINDRICAL_SURFACE('',#1206,1.7);
#1206 = AXIS2_PLACEMENT_3D('',#1207,#1208,#1209);
#1207 = CARTESIAN_POINT('',(-1.,207.,30.));
#1208 = DIRECTION('',(1.,0.,0.));
#1209 = DIRECTION('',(-0.,0.,1.));
#1210 = ADVANCED_FACE('',(#1211),#1222,.F.);
#1211 = FACE_BOUND('',#1212,.F.);
#1212 = EDGE_LOOP('',(#1213,#1214,#1220,#1221));
#1213 = ORIENTED_EDGE('',*,*,#822,.F.);
#1214 = ORIENTED_EDGE('',*,*,#1215,.F.);
#1215 = EDGE_CURVE('',#601,#823,#1216,.T.);
#1216 = LINE('',#1217,#1218);
#1217 = CARTESIAN_POINT('',(-1.,136.,14.7));
#1218 = VECTOR('',#1219,1.);
#1219 = DIRECTION('',(1.,0.,0.));
#1220 = ORIENTED_EDGE('',*,*,#600,.T.);
#1221 = ORIENTED_EDGE('',*,*,#1215,.T.);
#1222 = CYLINDRICAL_SURFACE('',#1223,1.7);
#1223 = AXIS2_PLACEMENT_3D('',#1224,#1225,#1226);
#1224 = CARTESIAN_POINT('',(-1.,136.,13.));
#1225 = DIRECTION('',(1.,0.,0.));
#1226 = DIRECTION('',(-0.,0.,1.));
#1227 = ADVANCED_FACE('',(#1228),#1239,.F.);
#1228 = FACE_BOUND('',#1229,.F.);
#1229 = EDGE_LOOP('',(#1230,#1231,#1237,#1238));
#1230 = ORIENTED_EDGE('',*,*,#888,.F.);
#1231 = ORIENTED_EDGE('',*,*,#1232,.F.);
#1232 = EDGE_CURVE('',#612,#889,#1233,.T.);
#1233 = LINE('',#1234,#1235);
#1234 = CARTESIAN_POINT('',(-1.,9.,143.97));
#1235 = VECTOR('',#1236,1.);
#1236 = DIRECTION('',(1.,0.,0.));
#1237 = ORIENTED_EDGE('',*,*,#611,.T.);
#1238 = ORIENTED_EDGE('',*,*,#1232,.T.);
#1239 = CYLINDRICAL_SURFACE('',#1240,1.7);
#1240 = AXIS2_PLACEMENT_3D('',#1241,#1242,#1243);
#1241 = CARTESIAN_POINT('',(-1.,9.,142.27));
#1242 = DIRECTION('',(1.,0.,0.));
#1243 = DIRECTION('',(-0.,0.,1.));
#1244 = ADVANCED_FACE('',(#1245),#1256,.F.);
#1245 = FACE_BOUND('',#1246,.F.);
#1246 = EDGE_LOOP('',(#1247,#1248,#1254,#1255));
#1247 = ORIENTED_EDGE('',*,*,#877,.F.);
#1248 = ORIENTED_EDGE('',*,*,#1249,.F.);
#1249 = EDGE_CURVE('',#623,#878,#1250,.T.);
#1250 = LINE('',#1251,#1252);
#1251 = CARTESIAN_POINT('',(-1.,9.,87.835));
#1252 = VECTOR('',#1253,1.);
#1253 = DIRECTION('',(1.,0.,0.));
#1254 = ORIENTED_EDGE('',*,*,#622,.T.);
#1255 = ORIENTED_EDGE('',*,*,#1249,.T.);
#1256 = CYLINDRICAL_SURFACE('',#1257,1.7);
#1257 = AXIS2_PLACEMENT_3D('',#1258,#1259,#1260);
#1258 = CARTESIAN_POINT('',(-1.,9.,86.135));
#1259 = DIRECTION('',(1.,0.,0.));
#1260 = DIRECTION('',(-0.,0.,1.));
#1261 = ADVANCED_FACE('',(#1262),#1273,.F.);
#1262 = FACE_BOUND('',#1263,.F.);
#1263 = EDGE_LOOP('',(#1264,#1265,#1271,#1272));
#1264 = ORIENTED_EDGE('',*,*,#855,.F.);
#1265 = ORIENTED_EDGE('',*,*,#1266,.F.);
#1266 = EDGE_CURVE('',#634,#856,#1267,.T.);
#1267 = LINE('',#1268,#1269);
#1268 = CARTESIAN_POINT('',(-1.,46.,14.7));
#1269 = VECTOR('',#1270,1.);
#1270 = DIRECTION('',(1.,0.,0.));
#1271 = ORIENTED_EDGE('',*,*,#633,.T.);
#1272 = ORIENTED_EDGE('',*,*,#1266,.T.);
#1273 = CYLINDRICAL_SURFACE('',#1274,1.7);
#1274 = AXIS2_PLACEMENT_3D('',#1275,#1276,#1277);
#1275 = CARTESIAN_POINT('',(-1.,46.,13.));
#1276 = DIRECTION('',(1.,0.,0.));
#1277 = DIRECTION('',(-0.,0.,1.));
#1278 = ADVANCED_FACE('',(#1279),#1290,.F.);
#1279 = FACE_BOUND('',#1280,.F.);
#1280 = EDGE_LOOP('',(#1281,#1282,#1288,#1289));
#1281 = ORIENTED_EDGE('',*,*,#866,.F.);
#1282 = ORIENTED_EDGE('',*,*,#1283,.F.);
#1283 = EDGE_CURVE('',#645,#867,#1284,.T.);
#1284 = LINE('',#1285,#1286);
#1285 = CARTESIAN_POINT('',(-1.,9.,31.7));
#1286 = VECTOR('',#1287,1.);
#1287 = DIRECTION('',(1.,0.,0.));
#1288 = ORIENTED_EDGE('',*,*,#644,.T.);
#1289 = ORIENTED_EDGE('',*,*,#1283,.T.);
#1290 = CYLINDRICAL_SURFACE('',#1291,1.7);
#1291 = AXIS2_PLACEMENT_3D('',#1292,#1293,#1294);
#1292 = CARTESIAN_POINT('',(-1.,9.,30.));
#1293 = DIRECTION('',(1.,0.,0.));
#1294 = DIRECTION('',(-0.,0.,1.));
#1295 = MANIFOLD_SOLID_BREP('',#1296);
#1296 = CLOSED_SHELL('',(#1297,#1337,#1368,#1560,#1584,#1769,#1781,#1798
    ,#1815,#1832,#1854,#1871,#1888,#1900,#1922,#1939,#1956,#1968,#1985,
    #2007,#2024,#2041,#2053,#2070));
#1297 = ADVANCED_FACE('',(#1298),#1332,.F.);
#1298 = FACE_BOUND('',#1299,.F.);
#1299 = EDGE_LOOP('',(#1300,#1310,#1318,#1326));
#1300 = ORIENTED_EDGE('',*,*,#1301,.F.);
#1301 = EDGE_CURVE('',#1302,#1304,#1306,.T.);
#1302 = VERTEX_POINT('',#1303);
#1303 = CARTESIAN_POINT('',(0.,0.,170.27));
#1304 = VERTEX_POINT('',#1305);
#1305 = CARTESIAN_POINT('',(0.,0.,172.27));
#1306 = LINE('',#1307,#1308);
#1307 = CARTESIAN_POINT('',(0.,0.,170.27));
#1308 = VECTOR('',#1309,1.);
#1309 = DIRECTION('',(0.,0.,1.));
#1310 = ORIENTED_EDGE('',*,*,#1311,.T.);
#1311 = EDGE_CURVE('',#1302,#1312,#1314,.T.);
#1312 = VERTEX_POINT('',#1313);
#1313 = CARTESIAN_POINT('',(0.,216.,170.27));
#1314 = LINE('',#1315,#1316);
#1315 = CARTESIAN_POINT('',(0.,0.,170.27));
#1316 = VECTOR('',#1317,1.);
#1317 = DIRECTION('',(-0.,1.,0.));
#1318 = ORIENTED_EDGE('',*,*,#1319,.T.);
#1319 = EDGE_CURVE('',#1312,#1320,#1322,.T.);
#1320 = VERTEX_POINT('',#1321);
#1321 = CARTESIAN_POINT('',(0.,216.,172.27));
#1322 = LINE('',#1323,#1324);
#1323 = CARTESIAN_POINT('',(0.,216.,170.27));
#1324 = VECTOR('',#1325,1.);
#1325 = DIRECTION('',(0.,0.,1.));
#1326 = ORIENTED_EDGE('',*,*,#1327,.F.);
#1327 = EDGE_CURVE('',#1304,#1320,#1328,.T.);
#1328 = LINE('',#1329,#1330);
#1329 = CARTESIAN_POINT('',(0.,0.,172.27));
#1330 = VECTOR('',#1331,1.);
#1331 = DIRECTION('',(-0.,1.,0.));
#1332 = PLANE('',#1333);
#1333 = AXIS2_PLACEMENT_3D('',#1334,#1335,#1336);
#1334 = CARTESIAN_POINT('',(0.,0.,170.27));
#1335 = DIRECTION('',(1.,0.,-0.));
#1336 = DIRECTION('',(0.,0.,1.));
#1337 = ADVANCED_FACE('',(#1338),#1363,.F.);
#1338 = FACE_BOUND('',#1339,.F.);
#1339 = EDGE_LOOP('',(#1340,#1348,#1349,#1357));
#1340 = ORIENTED_EDGE('',*,*,#1341,.F.);
#1341 = EDGE_CURVE('',#1302,#1342,#1344,.T.);
#1342 = VERTEX_POINT('',#1343);
#1343 = CARTESIAN_POINT('',(180.9,0.,170.27));
#1344 = LINE('',#1345,#1346);
#1345 = CARTESIAN_POINT('',(0.,0.,170.27));
#1346 = VECTOR('',#1347,1.);
#1347 = DIRECTION('',(1.,0.,-0.));
#1348 = ORIENTED_EDGE('',*,*,#1301,.T.);
#1349 = ORIENTED_EDGE('',*,*,#1350,.T.);
#1350 = EDGE_CURVE('',#1304,#1351,#1353,.T.);
#1351 = VERTEX_POINT('',#1352);
#1352 = CARTESIAN_POINT('',(180.9,0.,172.27));
#1353 = LINE('',#1354,#1355);
#1354 = CARTESIAN_POINT('',(0.,0.,172.27));
#1355 = VECTOR('',#1356,1.);
#1356 = DIRECTION('',(1.,0.,-0.));
#1357 = ORIENTED_EDGE('',*,*,#1358,.F.);
#1358 = EDGE_CURVE('',#1342,#1351,#1359,.T.);
#1359 = LINE('',#1360,#1361);
#1360 = CARTESIAN_POINT('',(180.9,0.,170.27));
#1361 = VECTOR('',#1362,1.);
#1362 = DIRECTION('',(0.,0.,1.));
#1363 = PLANE('',#1364);
#1364 = AXIS2_PLACEMENT_3D('',#1365,#1366,#1367);
#1365 = CARTESIAN_POINT('',(0.,0.,170.27));
#1366 = DIRECTION('',(-0.,1.,0.));
#1367 = DIRECTION('',(0.,0.,1.));
#1368 = ADVANCED_FACE('',(#1369,#1387,#1398,#1409,#1420,#1454,#1488,
    #1499,#1533,#1544),#1555,.T.);
#1369 = FACE_BOUND('',#1370,.T.);
#1370 = EDGE_LOOP('',(#1371,#1372,#1373,#1381));
#1371 = ORIENTED_EDGE('',*,*,#1327,.F.);
#1372 = ORIENTED_EDGE('',*,*,#1350,.T.);
#1373 = ORIENTED_EDGE('',*,*,#1374,.T.);
#1374 = EDGE_CURVE('',#1351,#1375,#1377,.T.);
#1375 = VERTEX_POINT('',#1376);
#1376 = CARTESIAN_POINT('',(180.9,216.,172.27));
#1377 = LINE('',#1378,#1379);
#1378 = CARTESIAN_POINT('',(180.9,0.,172.27));
#1379 = VECTOR('',#1380,1.);
#1380 = DIRECTION('',(-0.,1.,0.));
#1381 = ORIENTED_EDGE('',*,*,#1382,.F.);
#1382 = EDGE_CURVE('',#1320,#1375,#1383,.T.);
#1383 = LINE('',#1384,#1385);
#1384 = CARTESIAN_POINT('',(0.,216.,172.27));
#1385 = VECTOR('',#1386,1.);
#1386 = DIRECTION('',(1.,0.,-0.));
#1387 = FACE_BOUND('',#1388,.T.);
#1388 = EDGE_LOOP('',(#1389));
#1389 = ORIENTED_EDGE('',*,*,#1390,.F.);
#1390 = EDGE_CURVE('',#1391,#1391,#1393,.T.);
#1391 = VERTEX_POINT('',#1392);
#1392 = CARTESIAN_POINT('',(31.7,9.,172.27));
#1393 = CIRCLE('',#1394,1.7);
#1394 = AXIS2_PLACEMENT_3D('',#1395,#1396,#1397);
#1395 = CARTESIAN_POINT('',(30.,9.,172.27));
#1396 = DIRECTION('',(0.,0.,1.));
#1397 = DIRECTION('',(1.,0.,-0.));
#1398 = FACE_BOUND('',#1399,.T.);
#1399 = EDGE_LOOP('',(#1400));
#1400 = ORIENTED_EDGE('',*,*,#1401,.F.);
#1401 = EDGE_CURVE('',#1402,#1402,#1404,.T.);
#1402 = VERTEX_POINT('',#1403);
#1403 = CARTESIAN_POINT('',(92.15,9.,172.27));
#1404 = CIRCLE('',#1405,1.7);
#1405 = AXIS2_PLACEMENT_3D('',#1406,#1407,#1408);
#1406 = CARTESIAN_POINT('',(90.45,9.,172.27));
#1407 = DIRECTION('',(0.,0.,1.));
#1408 = DIRECTION('',(1.,0.,-0.));
#1409 = FACE_BOUND('',#1410,.T.);
#1410 = EDGE_LOOP('',(#1411));
#1411 = ORIENTED_EDGE('',*,*,#1412,.F.);
#1412 = EDGE_CURVE('',#1413,#1413,#1415,.T.);
#1413 = VERTEX_POINT('',#1414);
#1414 = CARTESIAN_POINT('',(152.6,9.,172.27));
#1415 = CIRCLE('',#1416,1.7);
#1416 = AXIS2_PLACEMENT_3D('',#1417,#1418,#1419);
#1417 = CARTESIAN_POINT('',(150.9,9.,172.27));
#1418 = DIRECTION('',(0.,0.,1.));
#1419 = DIRECTION('',(1.,0.,-0.));
#1420 = FACE_BOUND('',#1421,.T.);
#1421 = EDGE_LOOP('',(#1422,#1432,#1440,#1448));
#1422 = ORIENTED_EDGE('',*,*,#1423,.T.);
#1423 = EDGE_CURVE('',#1424,#1426,#1428,.T.);
#1424 = VERTEX_POINT('',#1425);
#1425 = CARTESIAN_POINT('',(64.27,64.8,172.27));
#1426 = VERTEX_POINT('',#1427);
#1427 = CARTESIAN_POINT('',(54.27,64.8,172.27));
#1428 = LINE('',#1429,#1430);
#1429 = CARTESIAN_POINT('',(27.135,64.8,172.27));
#1430 = VECTOR('',#1431,1.);
#1431 = DIRECTION('',(-1.,-0.,0.));
#1432 = ORIENTED_EDGE('',*,*,#1433,.T.);
#1433 = EDGE_CURVE('',#1426,#1434,#1436,.T.);
#1434 = VERTEX_POINT('',#1435);
#1435 = CARTESIAN_POINT('',(54.27,151.2,172.27));
#1436 = LINE('',#1437,#1438);
#1437 = CARTESIAN_POINT('',(54.27,32.4,172.27));
#1438 = VECTOR('',#1439,1.);
#1439 = DIRECTION('',(-0.,1.,0.));
#1440 = ORIENTED_EDGE('',*,*,#1441,.F.);
#1441 = EDGE_CURVE('',#1442,#1434,#1444,.T.);
#1442 = VERTEX_POINT('',#1443);
#1443 = CARTESIAN_POINT('',(64.27,151.2,172.27));
#1444 = LINE('',#1445,#1446);
#1445 = CARTESIAN_POINT('',(27.135,151.2,172.27));
#1446 = VECTOR('',#1447,1.);
#1447 = DIRECTION('',(-1.,-0.,0.));
#1448 = ORIENTED_EDGE('',*,*,#1449,.F.);
#1449 = EDGE_CURVE('',#1424,#1442,#1450,.T.);
#1450 = LINE('',#1451,#1452);
#1451 = CARTESIAN_POINT('',(64.27,32.4,172.27));
#1452 = VECTOR('',#1453,1.);
#1453 = DIRECTION('',(-0.,1.,0.));
#1454 = FACE_BOUND('',#1455,.T.);
#1455 = EDGE_LOOP('',(#1456,#1466,#1474,#1482));
#1456 = ORIENTED_EDGE('',*,*,#1457,.T.);
#1457 = EDGE_CURVE('',#1458,#1460,#1462,.T.);
#1458 = VERTEX_POINT('',#1459);
#1459 = CARTESIAN_POINT('',(84.27,64.8,172.27));
#1460 = VERTEX_POINT('',#1461);
#1461 = CARTESIAN_POINT('',(74.27,64.8,172.27));
#1462 = LINE('',#1463,#1464);
#1463 = CARTESIAN_POINT('',(37.135,64.8,172.27));
#1464 = VECTOR('',#1465,1.);
#1465 = DIRECTION('',(-1.,-0.,0.));
#1466 = ORIENTED_EDGE('',*,*,#1467,.T.);
#1467 = EDGE_CURVE('',#1460,#1468,#1470,.T.);
#1468 = VERTEX_POINT('',#1469);
#1469 = CARTESIAN_POINT('',(74.27,151.2,172.27));
#1470 = LINE('',#1471,#1472);
#1471 = CARTESIAN_POINT('',(74.27,32.4,172.27));
#1472 = VECTOR('',#1473,1.);
#1473 = DIRECTION('',(-0.,1.,0.));
#1474 = ORIENTED_EDGE('',*,*,#1475,.F.);
#1475 = EDGE_CURVE('',#1476,#1468,#1478,.T.);
#1476 = VERTEX_POINT('',#1477);
#1477 = CARTESIAN_POINT('',(84.27,151.2,172.27));
#1478 = LINE('',#1479,#1480);
#1479 = CARTESIAN_POINT('',(37.135,151.2,172.27));
#1480 = VECTOR('',#1481,1.);
#1481 = DIRECTION('',(-1.,-0.,0.));
#1482 = ORIENTED_EDGE('',*,*,#1483,.F.);
#1483 = EDGE_CURVE('',#1458,#1476,#1484,.T.);
#1484 = LINE('',#1485,#1486);
#1485 = CARTESIAN_POINT('',(84.27,32.4,172.27));
#1486 = VECTOR('',#1487,1.);
#1487 = DIRECTION('',(-0.,1.,0.));
#1488 = FACE_BOUND('',#1489,.T.);
#1489 = EDGE_LOOP('',(#1490));
#1490 = ORIENTED_EDGE('',*,*,#1491,.F.);
#1491 = EDGE_CURVE('',#1492,#1492,#1494,.T.);
#1492 = VERTEX_POINT('',#1493);
#1493 = CARTESIAN_POINT('',(31.7,207.,172.27));
#1494 = CIRCLE('',#1495,1.7);
#1495 = AXIS2_PLACEMENT_3D('',#1496,#1497,#1498);
#1496 = CARTESIAN_POINT('',(30.,207.,172.27));
#1497 = DIRECTION('',(0.,0.,1.));
#1498 = DIRECTION('',(1.,0.,-0.));
#1499 = FACE_BOUND('',#1500,.T.);
#1500 = EDGE_LOOP('',(#1501,#1511,#1519,#1527));
#1501 = ORIENTED_EDGE('',*,*,#1502,.T.);
#1502 = EDGE_CURVE('',#1503,#1505,#1507,.T.);
#1503 = VERTEX_POINT('',#1504);
#1504 = CARTESIAN_POINT('',(104.27,64.8,172.27));
#1505 = VERTEX_POINT('',#1506);
#1506 = CARTESIAN_POINT('',(94.27,64.8,172.27));
#1507 = LINE('',#1508,#1509);
#1508 = CARTESIAN_POINT('',(47.135,64.8,172.27));
#1509 = VECTOR('',#1510,1.);
#1510 = DIRECTION('',(-1.,-0.,0.));
#1511 = ORIENTED_EDGE('',*,*,#1512,.T.);
#1512 = EDGE_CURVE('',#1505,#1513,#1515,.T.);
#1513 = VERTEX_POINT('',#1514);
#1514 = CARTESIAN_POINT('',(94.27,151.2,172.27));
#1515 = LINE('',#1516,#1517);
#1516 = CARTESIAN_POINT('',(94.27,32.4,172.27));
#1517 = VECTOR('',#1518,1.);
#1518 = DIRECTION('',(-0.,1.,0.));
#1519 = ORIENTED_EDGE('',*,*,#1520,.F.);
#1520 = EDGE_CURVE('',#1521,#1513,#1523,.T.);
#1521 = VERTEX_POINT('',#1522);
#1522 = CARTESIAN_POINT('',(104.27,151.2,172.27));
#1523 = LINE('',#1524,#1525);
#1524 = CARTESIAN_POINT('',(47.135,151.2,172.27));
#1525 = VECTOR('',#1526,1.);
#1526 = DIRECTION('',(-1.,-0.,0.));
#1527 = ORIENTED_EDGE('',*,*,#1528,.F.);
#1528 = EDGE_CURVE('',#1503,#1521,#1529,.T.);
#1529 = LINE('',#1530,#1531);
#1530 = CARTESIAN_POINT('',(104.27,32.4,172.27));
#1531 = VECTOR('',#1532,1.);
#1532 = DIRECTION('',(-0.,1.,0.));
#1533 = FACE_BOUND('',#1534,.T.);
#1534 = EDGE_LOOP('',(#1535));
#1535 = ORIENTED_EDGE('',*,*,#1536,.F.);
#1536 = EDGE_CURVE('',#1537,#1537,#1539,.T.);
#1537 = VERTEX_POINT('',#1538);
#1538 = CARTESIAN_POINT('',(92.15,207.,172.27));
#1539 = CIRCLE('',#1540,1.7);
#1540 = AXIS2_PLACEMENT_3D('',#1541,#1542,#1543);
#1541 = CARTESIAN_POINT('',(90.45,207.,172.27));
#1542 = DIRECTION('',(0.,0.,1.));
#1543 = DIRECTION('',(1.,0.,-0.));
#1544 = FACE_BOUND('',#1545,.T.);
#1545 = EDGE_LOOP('',(#1546));
#1546 = ORIENTED_EDGE('',*,*,#1547,.F.);
#1547 = EDGE_CURVE('',#1548,#1548,#1550,.T.);
#1548 = VERTEX_POINT('',#1549);
#1549 = CARTESIAN_POINT('',(152.6,207.,172.27));
#1550 = CIRCLE('',#1551,1.7);
#1551 = AXIS2_PLACEMENT_3D('',#1552,#1553,#1554);
#1552 = CARTESIAN_POINT('',(150.9,207.,172.27));
#1553 = DIRECTION('',(0.,0.,1.));
#1554 = DIRECTION('',(1.,0.,-0.));
#1555 = PLANE('',#1556);
#1556 = AXIS2_PLACEMENT_3D('',#1557,#1558,#1559);
#1557 = CARTESIAN_POINT('',(0.,0.,172.27));
#1558 = DIRECTION('',(0.,0.,1.));
#1559 = DIRECTION('',(1.,0.,-0.));
#1560 = ADVANCED_FACE('',(#1561),#1579,.T.);
#1561 = FACE_BOUND('',#1562,.T.);
#1562 = EDGE_LOOP('',(#1563,#1571,#1572,#1573));
#1563 = ORIENTED_EDGE('',*,*,#1564,.F.);
#1564 = EDGE_CURVE('',#1312,#1565,#1567,.T.);
#1565 = VERTEX_POINT('',#1566);
#1566 = CARTESIAN_POINT('',(180.9,216.,170.27));
#1567 = LINE('',#1568,#1569);
#1568 = CARTESIAN_POINT('',(0.,216.,170.27));
#1569 = VECTOR('',#1570,1.);
#1570 = DIRECTION('',(1.,0.,-0.));
#1571 = ORIENTED_EDGE('',*,*,#1319,.T.);
#1572 = ORIENTED_EDGE('',*,*,#1382,.T.);
#1573 = ORIENTED_EDGE('',*,*,#1574,.F.);
#1574 = EDGE_CURVE('',#1565,#1375,#1575,.T.);
#1575 = LINE('',#1576,#1577);
#1576 = CARTESIAN_POINT('',(180.9,216.,170.27));
#1577 = VECTOR('',#1578,1.);
#1578 = DIRECTION('',(0.,0.,1.));
#1579 = PLANE('',#1580);
#1580 = AXIS2_PLACEMENT_3D('',#1581,#1582,#1583);
#1581 = CARTESIAN_POINT('',(0.,216.,170.27));
#1582 = DIRECTION('',(-0.,1.,0.));
#1583 = DIRECTION('',(0.,0.,1.));
#1584 = ADVANCED_FACE('',(#1585,#1596,#1607,#1618,#1629,#1663,#1697,
    #1708,#1742,#1753),#1764,.F.);
#1585 = FACE_BOUND('',#1586,.F.);
#1586 = EDGE_LOOP('',(#1587,#1588,#1589,#1595));
#1587 = ORIENTED_EDGE('',*,*,#1311,.F.);
#1588 = ORIENTED_EDGE('',*,*,#1341,.T.);
#1589 = ORIENTED_EDGE('',*,*,#1590,.T.);
#1590 = EDGE_CURVE('',#1342,#1565,#1591,.T.);
#1591 = LINE('',#1592,#1593);
#1592 = CARTESIAN_POINT('',(180.9,0.,170.27));
#1593 = VECTOR('',#1594,1.);
#1594 = DIRECTION('',(-0.,1.,0.));
#1595 = ORIENTED_EDGE('',*,*,#1564,.F.);
#1596 = FACE_BOUND('',#1597,.F.);
#1597 = EDGE_LOOP('',(#1598));
#1598 = ORIENTED_EDGE('',*,*,#1599,.F.);
#1599 = EDGE_CURVE('',#1600,#1600,#1602,.T.);
#1600 = VERTEX_POINT('',#1601);
#1601 = CARTESIAN_POINT('',(31.7,9.,170.27));
#1602 = CIRCLE('',#1603,1.7);
#1603 = AXIS2_PLACEMENT_3D('',#1604,#1605,#1606);
#1604 = CARTESIAN_POINT('',(30.,9.,170.27));
#1605 = DIRECTION('',(0.,0.,1.));
#1606 = DIRECTION('',(1.,0.,-0.));
#1607 = FACE_BOUND('',#1608,.F.);
#1608 = EDGE_LOOP('',(#1609));
#1609 = ORIENTED_EDGE('',*,*,#1610,.F.);
#1610 = EDGE_CURVE('',#1611,#1611,#1613,.T.);
#1611 = VERTEX_POINT('',#1612);
#1612 = CARTESIAN_POINT('',(92.15,9.,170.27));
#1613 = CIRCLE('',#1614,1.7);
#1614 = AXIS2_PLACEMENT_3D('',#1615,#1616,#1617);
#1615 = CARTESIAN_POINT('',(90.45,9.,170.27));
#1616 = DIRECTION('',(0.,0.,1.));
#1617 = DIRECTION('',(1.,0.,-0.));
#1618 = FACE_BOUND('',#1619,.F.);
#1619 = EDGE_LOOP('',(#1620));
#1620 = ORIENTED_EDGE('',*,*,#1621,.F.);
#1621 = EDGE_CURVE('',#1622,#1622,#1624,.T.);
#1622 = VERTEX_POINT('',#1623);
#1623 = CARTESIAN_POINT('',(152.6,9.,170.27));
#1624 = CIRCLE('',#1625,1.7);
#1625 = AXIS2_PLACEMENT_3D('',#1626,#1627,#1628);
#1626 = CARTESIAN_POINT('',(150.9,9.,170.27));
#1627 = DIRECTION('',(0.,0.,1.));
#1628 = DIRECTION('',(1.,0.,-0.));
#1629 = FACE_BOUND('',#1630,.F.);
#1630 = EDGE_LOOP('',(#1631,#1641,#1649,#1657));
#1631 = ORIENTED_EDGE('',*,*,#1632,.T.);
#1632 = EDGE_CURVE('',#1633,#1635,#1637,.T.);
#1633 = VERTEX_POINT('',#1634);
#1634 = CARTESIAN_POINT('',(64.27,64.8,170.27));
#1635 = VERTEX_POINT('',#1636);
#1636 = CARTESIAN_POINT('',(54.27,64.8,170.27));
#1637 = LINE('',#1638,#1639);
#1638 = CARTESIAN_POINT('',(27.135,64.8,170.27));
#1639 = VECTOR('',#1640,1.);
#1640 = DIRECTION('',(-1.,-0.,0.));
#1641 = ORIENTED_EDGE('',*,*,#1642,.T.);
#1642 = EDGE_CURVE('',#1635,#1643,#1645,.T.);
#1643 = VERTEX_POINT('',#1644);
#1644 = CARTESIAN_POINT('',(54.27,151.2,170.27));
#1645 = LINE('',#1646,#1647);
#1646 = CARTESIAN_POINT('',(54.27,32.4,170.27));
#1647 = VECTOR('',#1648,1.);
#1648 = DIRECTION('',(-0.,1.,0.));
#1649 = ORIENTED_EDGE('',*,*,#1650,.F.);
#1650 = EDGE_CURVE('',#1651,#1643,#1653,.T.);
#1651 = VERTEX_POINT('',#1652);
#1652 = CARTESIAN_POINT('',(64.27,151.2,170.27));
#1653 = LINE('',#1654,#1655);
#1654 = CARTESIAN_POINT('',(27.135,151.2,170.27));
#1655 = VECTOR('',#1656,1.);
#1656 = DIRECTION('',(-1.,-0.,0.));
#1657 = ORIENTED_EDGE('',*,*,#1658,.F.);
#1658 = EDGE_CURVE('',#1633,#1651,#1659,.T.);
#1659 = LINE('',#1660,#1661);
#1660 = CARTESIAN_POINT('',(64.27,32.4,170.27));
#1661 = VECTOR('',#1662,1.);
#1662 = DIRECTION('',(-0.,1.,0.));
#1663 = FACE_BOUND('',#1664,.F.);
#1664 = EDGE_LOOP('',(#1665,#1675,#1683,#1691));
#1665 = ORIENTED_EDGE('',*,*,#1666,.T.);
#1666 = EDGE_CURVE('',#1667,#1669,#1671,.T.);
#1667 = VERTEX_POINT('',#1668);
#1668 = CARTESIAN_POINT('',(84.27,64.8,170.27));
#1669 = VERTEX_POINT('',#1670);
#1670 = CARTESIAN_POINT('',(74.27,64.8,170.27));
#1671 = LINE('',#1672,#1673);
#1672 = CARTESIAN_POINT('',(37.135,64.8,170.27));
#1673 = VECTOR('',#1674,1.);
#1674 = DIRECTION('',(-1.,-0.,0.));
#1675 = ORIENTED_EDGE('',*,*,#1676,.T.);
#1676 = EDGE_CURVE('',#1669,#1677,#1679,.T.);
#1677 = VERTEX_POINT('',#1678);
#1678 = CARTESIAN_POINT('',(74.27,151.2,170.27));
#1679 = LINE('',#1680,#1681);
#1680 = CARTESIAN_POINT('',(74.27,32.4,170.27));
#1681 = VECTOR('',#1682,1.);
#1682 = DIRECTION('',(-0.,1.,0.));
#1683 = ORIENTED_EDGE('',*,*,#1684,.F.);
#1684 = EDGE_CURVE('',#1685,#1677,#1687,.T.);
#1685 = VERTEX_POINT('',#1686);
#1686 = CARTESIAN_POINT('',(84.27,151.2,170.27));
#1687 = LINE('',#1688,#1689);
#1688 = CARTESIAN_POINT('',(37.135,151.2,170.27));
#1689 = VECTOR('',#1690,1.);
#1690 = DIRECTION('',(-1.,-0.,0.));
#1691 = ORIENTED_EDGE('',*,*,#1692,.F.);
#1692 = EDGE_CURVE('',#1667,#1685,#1693,.T.);
#1693 = LINE('',#1694,#1695);
#1694 = CARTESIAN_POINT('',(84.27,32.4,170.27));
#1695 = VECTOR('',#1696,1.);
#1696 = DIRECTION('',(-0.,1.,0.));
#1697 = FACE_BOUND('',#1698,.F.);
#1698 = EDGE_LOOP('',(#1699));
#1699 = ORIENTED_EDGE('',*,*,#1700,.F.);
#1700 = EDGE_CURVE('',#1701,#1701,#1703,.T.);
#1701 = VERTEX_POINT('',#1702);
#1702 = CARTESIAN_POINT('',(31.7,207.,170.27));
#1703 = CIRCLE('',#1704,1.7);
#1704 = AXIS2_PLACEMENT_3D('',#1705,#1706,#1707);
#1705 = CARTESIAN_POINT('',(30.,207.,170.27));
#1706 = DIRECTION('',(0.,0.,1.));
#1707 = DIRECTION('',(1.,0.,-0.));
#1708 = FACE_BOUND('',#1709,.F.);
#1709 = EDGE_LOOP('',(#1710,#1720,#1728,#1736));
#1710 = ORIENTED_EDGE('',*,*,#1711,.T.);
#1711 = EDGE_CURVE('',#1712,#1714,#1716,.T.);
#1712 = VERTEX_POINT('',#1713);
#1713 = CARTESIAN_POINT('',(104.27,64.8,170.27));
#1714 = VERTEX_POINT('',#1715);
#1715 = CARTESIAN_POINT('',(94.27,64.8,170.27));
#1716 = LINE('',#1717,#1718);
#1717 = CARTESIAN_POINT('',(47.135,64.8,170.27));
#1718 = VECTOR('',#1719,1.);
#1719 = DIRECTION('',(-1.,-0.,0.));
#1720 = ORIENTED_EDGE('',*,*,#1721,.T.);
#1721 = EDGE_CURVE('',#1714,#1722,#1724,.T.);
#1722 = VERTEX_POINT('',#1723);
#1723 = CARTESIAN_POINT('',(94.27,151.2,170.27));
#1724 = LINE('',#1725,#1726);
#1725 = CARTESIAN_POINT('',(94.27,32.4,170.27));
#1726 = VECTOR('',#1727,1.);
#1727 = DIRECTION('',(-0.,1.,0.));
#1728 = ORIENTED_EDGE('',*,*,#1729,.F.);
#1729 = EDGE_CURVE('',#1730,#1722,#1732,.T.);
#1730 = VERTEX_POINT('',#1731);
#1731 = CARTESIAN_POINT('',(104.27,151.2,170.27));
#1732 = LINE('',#1733,#1734);
#1733 = CARTESIAN_POINT('',(47.135,151.2,170.27));
#1734 = VECTOR('',#1735,1.);
#1735 = DIRECTION('',(-1.,-0.,0.));
#1736 = ORIENTED_EDGE('',*,*,#1737,.F.);
#1737 = EDGE_CURVE('',#1712,#1730,#1738,.T.);
#1738 = LINE('',#1739,#1740);
#1739 = CARTESIAN_POINT('',(104.27,32.4,170.27));
#1740 = VECTOR('',#1741,1.);
#1741 = DIRECTION('',(-0.,1.,0.));
#1742 = FACE_BOUND('',#1743,.F.);
#1743 = EDGE_LOOP('',(#1744));
#1744 = ORIENTED_EDGE('',*,*,#1745,.F.);
#1745 = EDGE_CURVE('',#1746,#1746,#1748,.T.);
#1746 = VERTEX_POINT('',#1747);
#1747 = CARTESIAN_POINT('',(92.15,207.,170.27));
#1748 = CIRCLE('',#1749,1.7);
#1749 = AXIS2_PLACEMENT_3D('',#1750,#1751,#1752);
#1750 = CARTESIAN_POINT('',(90.45,207.,170.27));
#1751 = DIRECTION('',(0.,0.,1.));
#1752 = DIRECTION('',(1.,0.,-0.));
#1753 = FACE_BOUND('',#1754,.F.);
#1754 = EDGE_LOOP('',(#1755));
#1755 = ORIENTED_EDGE('',*,*,#1756,.F.);
#1756 = EDGE_CURVE('',#1757,#1757,#1759,.T.);
#1757 = VERTEX_POINT('',#1758);
#1758 = CARTESIAN_POINT('',(152.6,207.,170.27));
#1759 = CIRCLE('',#1760,1.7);
#1760 = AXIS2_PLACEMENT_3D('',#1761,#1762,#1763);
#1761 = CARTESIAN_POINT('',(150.9,207.,170.27));
#1762 = DIRECTION('',(0.,0.,1.));
#1763 = DIRECTION('',(1.,0.,-0.));
#1764 = PLANE('',#1765);
#1765 = AXIS2_PLACEMENT_3D('',#1766,#1767,#1768);
#1766 = CARTESIAN_POINT('',(0.,0.,170.27));
#1767 = DIRECTION('',(0.,0.,1.));
#1768 = DIRECTION('',(1.,0.,-0.));
#1769 = ADVANCED_FACE('',(#1770),#1776,.T.);
#1770 = FACE_BOUND('',#1771,.T.);
#1771 = EDGE_LOOP('',(#1772,#1773,#1774,#1775));
#1772 = ORIENTED_EDGE('',*,*,#1358,.F.);
#1773 = ORIENTED_EDGE('',*,*,#1590,.T.);
#1774 = ORIENTED_EDGE('',*,*,#1574,.T.);
#1775 = ORIENTED_EDGE('',*,*,#1374,.F.);
#1776 = PLANE('',#1777);
#1777 = AXIS2_PLACEMENT_3D('',#1778,#1779,#1780);
#1778 = CARTESIAN_POINT('',(180.9,0.,170.27));
#1779 = DIRECTION('',(1.,0.,-0.));
#1780 = DIRECTION('',(0.,0.,1.));
#1781 = ADVANCED_FACE('',(#1782),#1793,.F.);
#1782 = FACE_BOUND('',#1783,.F.);
#1783 = EDGE_LOOP('',(#1784,#1785,#1791,#1792));
#1784 = ORIENTED_EDGE('',*,*,#1390,.F.);
#1785 = ORIENTED_EDGE('',*,*,#1786,.F.);
#1786 = EDGE_CURVE('',#1600,#1391,#1787,.T.);
#1787 = LINE('',#1788,#1789);
#1788 = CARTESIAN_POINT('',(31.7,9.,169.27));
#1789 = VECTOR('',#1790,1.);
#1790 = DIRECTION('',(0.,0.,1.));
#1791 = ORIENTED_EDGE('',*,*,#1599,.T.);
#1792 = ORIENTED_EDGE('',*,*,#1786,.T.);
#1793 = CYLINDRICAL_SURFACE('',#1794,1.7);
#1794 = AXIS2_PLACEMENT_3D('',#1795,#1796,#1797);
#1795 = CARTESIAN_POINT('',(30.,9.,169.27));
#1796 = DIRECTION('',(0.,0.,1.));
#1797 = DIRECTION('',(1.,0.,-0.));
#1798 = ADVANCED_FACE('',(#1799),#1810,.F.);
#1799 = FACE_BOUND('',#1800,.F.);
#1800 = EDGE_LOOP('',(#1801,#1802,#1808,#1809));
#1801 = ORIENTED_EDGE('',*,*,#1401,.F.);
#1802 = ORIENTED_EDGE('',*,*,#1803,.F.);
#1803 = EDGE_CURVE('',#1611,#1402,#1804,.T.);
#1804 = LINE('',#1805,#1806);
#1805 = CARTESIAN_POINT('',(92.15,9.,169.27));
#1806 = VECTOR('',#1807,1.);
#1807 = DIRECTION('',(0.,0.,1.));
#1808 = ORIENTED_EDGE('',*,*,#1610,.T.);
#1809 = ORIENTED_EDGE('',*,*,#1803,.T.);
#1810 = CYLINDRICAL_SURFACE('',#1811,1.7);
#1811 = AXIS2_PLACEMENT_3D('',#1812,#1813,#1814);
#1812 = CARTESIAN_POINT('',(90.45,9.,169.27));
#1813 = DIRECTION('',(0.,0.,1.));
#1814 = DIRECTION('',(1.,0.,-0.));
#1815 = ADVANCED_FACE('',(#1816),#1827,.F.);
#1816 = FACE_BOUND('',#1817,.F.);
#1817 = EDGE_LOOP('',(#1818,#1819,#1825,#1826));
#1818 = ORIENTED_EDGE('',*,*,#1412,.F.);
#1819 = ORIENTED_EDGE('',*,*,#1820,.F.);
#1820 = EDGE_CURVE('',#1622,#1413,#1821,.T.);
#1821 = LINE('',#1822,#1823);
#1822 = CARTESIAN_POINT('',(152.6,9.,169.27));
#1823 = VECTOR('',#1824,1.);
#1824 = DIRECTION('',(0.,0.,1.));
#1825 = ORIENTED_EDGE('',*,*,#1621,.T.);
#1826 = ORIENTED_EDGE('',*,*,#1820,.T.);
#1827 = CYLINDRICAL_SURFACE('',#1828,1.7);
#1828 = AXIS2_PLACEMENT_3D('',#1829,#1830,#1831);
#1829 = CARTESIAN_POINT('',(150.9,9.,169.27));
#1830 = DIRECTION('',(0.,0.,1.));
#1831 = DIRECTION('',(1.,0.,-0.));
#1832 = ADVANCED_FACE('',(#1833),#1849,.T.);
#1833 = FACE_BOUND('',#1834,.T.);
#1834 = EDGE_LOOP('',(#1835,#1841,#1842,#1848));
#1835 = ORIENTED_EDGE('',*,*,#1836,.F.);
#1836 = EDGE_CURVE('',#1633,#1424,#1837,.T.);
#1837 = LINE('',#1838,#1839);
#1838 = CARTESIAN_POINT('',(64.27,64.8,169.27));
#1839 = VECTOR('',#1840,1.);
#1840 = DIRECTION('',(0.,0.,1.));
#1841 = ORIENTED_EDGE('',*,*,#1632,.T.);
#1842 = ORIENTED_EDGE('',*,*,#1843,.T.);
#1843 = EDGE_CURVE('',#1635,#1426,#1844,.T.);
#1844 = LINE('',#1845,#1846);
#1845 = CARTESIAN_POINT('',(54.27,64.8,169.27));
#1846 = VECTOR('',#1847,1.);
#1847 = DIRECTION('',(0.,0.,1.));
#1848 = ORIENTED_EDGE('',*,*,#1423,.F.);
#1849 = PLANE('',#1850);
#1850 = AXIS2_PLACEMENT_3D('',#1851,#1852,#1853);
#1851 = CARTESIAN_POINT('',(54.27,64.8,169.27));
#1852 = DIRECTION('',(-0.,1.,0.));
#1853 = DIRECTION('',(0.,0.,1.));
#1854 = ADVANCED_FACE('',(#1855),#1866,.F.);
#1855 = FACE_BOUND('',#1856,.F.);
#1856 = EDGE_LOOP('',(#1857,#1858,#1859,#1865));
#1857 = ORIENTED_EDGE('',*,*,#1836,.F.);
#1858 = ORIENTED_EDGE('',*,*,#1658,.T.);
#1859 = ORIENTED_EDGE('',*,*,#1860,.T.);
#1860 = EDGE_CURVE('',#1651,#1442,#1861,.T.);
#1861 = LINE('',#1862,#1863);
#1862 = CARTESIAN_POINT('',(64.27,151.2,169.27));
#1863 = VECTOR('',#1864,1.);
#1864 = DIRECTION('',(0.,0.,1.));
#1865 = ORIENTED_EDGE('',*,*,#1449,.F.);
#1866 = PLANE('',#1867);
#1867 = AXIS2_PLACEMENT_3D('',#1868,#1869,#1870);
#1868 = CARTESIAN_POINT('',(64.27,64.8,169.27));
#1869 = DIRECTION('',(1.,0.,-0.));
#1870 = DIRECTION('',(0.,0.,1.));
#1871 = ADVANCED_FACE('',(#1872),#1883,.T.);
#1872 = FACE_BOUND('',#1873,.T.);
#1873 = EDGE_LOOP('',(#1874,#1875,#1876,#1882));
#1874 = ORIENTED_EDGE('',*,*,#1843,.F.);
#1875 = ORIENTED_EDGE('',*,*,#1642,.T.);
#1876 = ORIENTED_EDGE('',*,*,#1877,.T.);
#1877 = EDGE_CURVE('',#1643,#1434,#1878,.T.);
#1878 = LINE('',#1879,#1880);
#1879 = CARTESIAN_POINT('',(54.27,151.2,169.27));
#1880 = VECTOR('',#1881,1.);
#1881 = DIRECTION('',(0.,0.,1.));
#1882 = ORIENTED_EDGE('',*,*,#1433,.F.);
#1883 = PLANE('',#1884);
#1884 = AXIS2_PLACEMENT_3D('',#1885,#1886,#1887);
#1885 = CARTESIAN_POINT('',(54.27,64.8,169.27));
#1886 = DIRECTION('',(1.,0.,-0.));
#1887 = DIRECTION('',(0.,0.,1.));
#1888 = ADVANCED_FACE('',(#1889),#1895,.F.);
#1889 = FACE_BOUND('',#1890,.F.);
#1890 = EDGE_LOOP('',(#1891,#1892,#1893,#1894));
#1891 = ORIENTED_EDGE('',*,*,#1860,.F.);
#1892 = ORIENTED_EDGE('',*,*,#1650,.T.);
#1893 = ORIENTED_EDGE('',*,*,#1877,.T.);
#1894 = ORIENTED_EDGE('',*,*,#1441,.F.);
#1895 = PLANE('',#1896);
#1896 = AXIS2_PLACEMENT_3D('',#1897,#1898,#1899);
#1897 = CARTESIAN_POINT('',(54.27,151.2,169.27));
#1898 = DIRECTION('',(-0.,1.,0.));
#1899 = DIRECTION('',(0.,0.,1.));
#1900 = ADVANCED_FACE('',(#1901),#1917,.T.);
#1901 = FACE_BOUND('',#1902,.T.);
#1902 = EDGE_LOOP('',(#1903,#1909,#1910,#1916));
#1903 = ORIENTED_EDGE('',*,*,#1904,.F.);
#1904 = EDGE_CURVE('',#1667,#1458,#1905,.T.);
#1905 = LINE('',#1906,#1907);
#1906 = CARTESIAN_POINT('',(84.27,64.8,169.27));
#1907 = VECTOR('',#1908,1.);
#1908 = DIRECTION('',(0.,0.,1.));
#1909 = ORIENTED_EDGE('',*,*,#1666,.T.);
#1910 = ORIENTED_EDGE('',*,*,#1911,.T.);
#1911 = EDGE_CURVE('',#1669,#1460,#1912,.T.);
#1912 = LINE('',#1913,#1914);
#1913 = CARTESIAN_POINT('',(74.27,64.8,169.27));
#1914 = VECTOR('',#1915,1.);
#1915 = DIRECTION('',(0.,0.,1.));
#1916 = ORIENTED_EDGE('',*,*,#1457,.F.);
#1917 = PLANE('',#1918);
#1918 = AXIS2_PLACEMENT_3D('',#1919,#1920,#1921);
#1919 = CARTESIAN_POINT('',(74.27,64.8,169.27));
#1920 = DIRECTION('',(-0.,1.,0.));
#1921 = DIRECTION('',(0.,0.,1.));
#1922 = ADVANCED_FACE('',(#1923),#1934,.F.);
#1923 = FACE_BOUND('',#1924,.F.);
#1924 = EDGE_LOOP('',(#1925,#1926,#1927,#1933));
#1925 = ORIENTED_EDGE('',*,*,#1904,.F.);
#1926 = ORIENTED_EDGE('',*,*,#1692,.T.);
#1927 = ORIENTED_EDGE('',*,*,#1928,.T.);
#1928 = EDGE_CURVE('',#1685,#1476,#1929,.T.);
#1929 = LINE('',#1930,#1931);
#1930 = CARTESIAN_POINT('',(84.27,151.2,169.27));
#1931 = VECTOR('',#1932,1.);
#1932 = DIRECTION('',(0.,0.,1.));
#1933 = ORIENTED_EDGE('',*,*,#1483,.F.);
#1934 = PLANE('',#1935);
#1935 = AXIS2_PLACEMENT_3D('',#1936,#1937,#1938);
#1936 = CARTESIAN_POINT('',(84.27,64.8,169.27));
#1937 = DIRECTION('',(1.,0.,-0.));
#1938 = DIRECTION('',(0.,0.,1.));
#1939 = ADVANCED_FACE('',(#1940),#1951,.T.);
#1940 = FACE_BOUND('',#1941,.T.);
#1941 = EDGE_LOOP('',(#1942,#1943,#1944,#1950));
#1942 = ORIENTED_EDGE('',*,*,#1911,.F.);
#1943 = ORIENTED_EDGE('',*,*,#1676,.T.);
#1944 = ORIENTED_EDGE('',*,*,#1945,.T.);
#1945 = EDGE_CURVE('',#1677,#1468,#1946,.T.);
#1946 = LINE('',#1947,#1948);
#1947 = CARTESIAN_POINT('',(74.27,151.2,169.27));
#1948 = VECTOR('',#1949,1.);
#1949 = DIRECTION('',(0.,0.,1.));
#1950 = ORIENTED_EDGE('',*,*,#1467,.F.);
#1951 = PLANE('',#1952);
#1952 = AXIS2_PLACEMENT_3D('',#1953,#1954,#1955);
#1953 = CARTESIAN_POINT('',(74.27,64.8,169.27));
#1954 = DIRECTION('',(1.,0.,-0.));
#1955 = DIRECTION('',(0.,0.,1.));
#1956 = ADVANCED_FACE('',(#1957),#1963,.F.);
#1957 = FACE_BOUND('',#1958,.F.);
#1958 = EDGE_LOOP('',(#1959,#1960,#1961,#1962));
#1959 = ORIENTED_EDGE('',*,*,#1928,.F.);
#1960 = ORIENTED_EDGE('',*,*,#1684,.T.);
#1961 = ORIENTED_EDGE('',*,*,#1945,.T.);
#1962 = ORIENTED_EDGE('',*,*,#1475,.F.);
#1963 = PLANE('',#1964);
#1964 = AXIS2_PLACEMENT_3D('',#1965,#1966,#1967);
#1965 = CARTESIAN_POINT('',(74.27,151.2,169.27));
#1966 = DIRECTION('',(-0.,1.,0.));
#1967 = DIRECTION('',(0.,0.,1.));
#1968 = ADVANCED_FACE('',(#1969),#1980,.F.);
#1969 = FACE_BOUND('',#1970,.F.);
#1970 = EDGE_LOOP('',(#1971,#1972,#1978,#1979));
#1971 = ORIENTED_EDGE('',*,*,#1491,.F.);
#1972 = ORIENTED_EDGE('',*,*,#1973,.F.);
#1973 = EDGE_CURVE('',#1701,#1492,#1974,.T.);
#1974 = LINE('',#1975,#1976);
#1975 = CARTESIAN_POINT('',(31.7,207.,169.27));
#1976 = VECTOR('',#1977,1.);
#1977 = DIRECTION('',(0.,0.,1.));
#1978 = ORIENTED_EDGE('',*,*,#1700,.T.);
#1979 = ORIENTED_EDGE('',*,*,#1973,.T.);
#1980 = CYLINDRICAL_SURFACE('',#1981,1.7);
#1981 = AXIS2_PLACEMENT_3D('',#1982,#1983,#1984);
#1982 = CARTESIAN_POINT('',(30.,207.,169.27));
#1983 = DIRECTION('',(0.,0.,1.));
#1984 = DIRECTION('',(1.,0.,-0.));
#1985 = ADVANCED_FACE('',(#1986),#2002,.T.);
#1986 = FACE_BOUND('',#1987,.T.);
#1987 = EDGE_LOOP('',(#1988,#1994,#1995,#2001));
#1988 = ORIENTED_EDGE('',*,*,#1989,.F.);
#1989 = EDGE_CURVE('',#1712,#1503,#1990,.T.);
#1990 = LINE('',#1991,#1992);
#1991 = CARTESIAN_POINT('',(104.27,64.8,169.27));
#1992 = VECTOR('',#1993,1.);
#1993 = DIRECTION('',(0.,0.,1.));
#1994 = ORIENTED_EDGE('',*,*,#1711,.T.);
#1995 = ORIENTED_EDGE('',*,*,#1996,.T.);
#1996 = EDGE_CURVE('',#1714,#1505,#1997,.T.);
#1997 = LINE('',#1998,#1999);
#1998 = CARTESIAN_POINT('',(94.27,64.8,169.27));
#1999 = VECTOR('',#2000,1.);
#2000 = DIRECTION('',(0.,0.,1.));
#2001 = ORIENTED_EDGE('',*,*,#1502,.F.);
#2002 = PLANE('',#2003);
#2003 = AXIS2_PLACEMENT_3D('',#2004,#2005,#2006);
#2004 = CARTESIAN_POINT('',(94.27,64.8,169.27));
#2005 = DIRECTION('',(-0.,1.,0.));
#2006 = DIRECTION('',(0.,0.,1.));
#2007 = ADVANCED_FACE('',(#2008),#2019,.F.);
#2008 = FACE_BOUND('',#2009,.F.);
#2009 = EDGE_LOOP('',(#2010,#2011,#2012,#2018));
#2010 = ORIENTED_EDGE('',*,*,#1989,.F.);
#2011 = ORIENTED_EDGE('',*,*,#1737,.T.);
#2012 = ORIENTED_EDGE('',*,*,#2013,.T.);
#2013 = EDGE_CURVE('',#1730,#1521,#2014,.T.);
#2014 = LINE('',#2015,#2016);
#2015 = CARTESIAN_POINT('',(104.27,151.2,169.27));
#2016 = VECTOR('',#2017,1.);
#2017 = DIRECTION('',(0.,0.,1.));
#2018 = ORIENTED_EDGE('',*,*,#1528,.F.);
#2019 = PLANE('',#2020);
#2020 = AXIS2_PLACEMENT_3D('',#2021,#2022,#2023);
#2021 = CARTESIAN_POINT('',(104.27,64.8,169.27));
#2022 = DIRECTION('',(1.,0.,-0.));
#2023 = DIRECTION('',(0.,0.,1.));
#2024 = ADVANCED_FACE('',(#2025),#2036,.T.);
#2025 = FACE_BOUND('',#2026,.T.);
#2026 = EDGE_LOOP('',(#2027,#2028,#2029,#2035));
#2027 = ORIENTED_EDGE('',*,*,#1996,.F.);
#2028 = ORIENTED_EDGE('',*,*,#1721,.T.);
#2029 = ORIENTED_EDGE('',*,*,#2030,.T.);
#2030 = EDGE_CURVE('',#1722,#1513,#2031,.T.);
#2031 = LINE('',#2032,#2033);
#2032 = CARTESIAN_POINT('',(94.27,151.2,169.27));
#2033 = VECTOR('',#2034,1.);
#2034 = DIRECTION('',(0.,0.,1.));
#2035 = ORIENTED_EDGE('',*,*,#1512,.F.);
#2036 = PLANE('',#2037);
#2037 = AXIS2_PLACEMENT_3D('',#2038,#2039,#2040);
#2038 = CARTESIAN_POINT('',(94.27,64.8,169.27));
#2039 = DIRECTION('',(1.,0.,-0.));
#2040 = DIRECTION('',(0.,0.,1.));
#2041 = ADVANCED_FACE('',(#2042),#2048,.F.);
#2042 = FACE_BOUND('',#2043,.F.);
#2043 = EDGE_LOOP('',(#2044,#2045,#2046,#2047));
#2044 = ORIENTED_EDGE('',*,*,#2013,.F.);
#2045 = ORIENTED_EDGE('',*,*,#1729,.T.);
#2046 = ORIENTED_EDGE('',*,*,#2030,.T.);
#2047 = ORIENTED_EDGE('',*,*,#1520,.F.);
#2048 = PLANE('',#2049);
#2049 = AXIS2_PLACEMENT_3D('',#2050,#2051,#2052);
#2050 = CARTESIAN_POINT('',(94.27,151.2,169.27));
#2051 = DIRECTION('',(-0.,1.,0.));
#2052 = DIRECTION('',(0.,0.,1.));
#2053 = ADVANCED_FACE('',(#2054),#2065,.F.);
#2054 = FACE_BOUND('',#2055,.F.);
#2055 = EDGE_LOOP('',(#2056,#2057,#2063,#2064));
#2056 = ORIENTED_EDGE('',*,*,#1536,.F.);
#2057 = ORIENTED_EDGE('',*,*,#2058,.F.);
#2058 = EDGE_CURVE('',#1746,#1537,#2059,.T.);
#2059 = LINE('',#2060,#2061);
#2060 = CARTESIAN_POINT('',(92.15,207.,169.27));
#2061 = VECTOR('',#2062,1.);
#2062 = DIRECTION('',(0.,0.,1.));
#2063 = ORIENTED_EDGE('',*,*,#1745,.T.);
#2064 = ORIENTED_EDGE('',*,*,#2058,.T.);
#2065 = CYLINDRICAL_SURFACE('',#2066,1.7);
#2066 = AXIS2_PLACEMENT_3D('',#2067,#2068,#2069);
#2067 = CARTESIAN_POINT('',(90.45,207.,169.27));
#2068 = DIRECTION('',(0.,0.,1.));
#2069 = DIRECTION('',(1.,0.,-0.));
#2070 = ADVANCED_FACE('',(#2071),#2082,.F.);
#2071 = FACE_BOUND('',#2072,.F.);
#2072 = EDGE_LOOP('',(#2073,#2074,#2080,#2081));
#2073 = ORIENTED_EDGE('',*,*,#1547,.F.);
#2074 = ORIENTED_EDGE('',*,*,#2075,.F.);
#2075 = EDGE_CURVE('',#1757,#1548,#2076,.T.);
#2076 = LINE('',#2077,#2078);
#2077 = CARTESIAN_POINT('',(152.6,207.,169.27));
#2078 = VECTOR('',#2079,1.);
#2079 = DIRECTION('',(0.,0.,1.));
#2080 = ORIENTED_EDGE('',*,*,#1756,.T.);
#2081 = ORIENTED_EDGE('',*,*,#2075,.T.);
#2082 = CYLINDRICAL_SURFACE('',#2083,1.7);
#2083 = AXIS2_PLACEMENT_3D('',#2084,#2085,#2086);
#2084 = CARTESIAN_POINT('',(150.9,207.,169.27));
#2085 = DIRECTION('',(0.,0.,1.));
#2086 = DIRECTION('',(1.,0.,-0.));
#2087 = MANIFOLD_SOLID_BREP('',#2088);
#2088 = CLOSED_SHELL('',(#2089,#2129,#2338,#2362,#2564,#2581,#2593,#2610
    ,#2627,#2644,#2661,#2678,#2700,#2717,#2734,#2746,#2768,#2785,#2802,
    #2814,#2831,#2848,#2865,#2882));
#2089 = ADVANCED_FACE('',(#2090),#2124,.F.);
#2090 = FACE_BOUND('',#2091,.F.);
#2091 = EDGE_LOOP('',(#2092,#2102,#2110,#2118));
#2092 = ORIENTED_EDGE('',*,*,#2093,.F.);
#2093 = EDGE_CURVE('',#2094,#2096,#2098,.T.);
#2094 = VERTEX_POINT('',#2095);
#2095 = CARTESIAN_POINT('',(0.,-2.,0.));
#2096 = VERTEX_POINT('',#2097);
#2097 = CARTESIAN_POINT('',(0.,-2.,172.27));
#2098 = LINE('',#2099,#2100);
#2099 = CARTESIAN_POINT('',(0.,-2.,0.));
#2100 = VECTOR('',#2101,1.);
#2101 = DIRECTION('',(0.,0.,1.));
#2102 = ORIENTED_EDGE('',*,*,#2103,.T.);
#2103 = EDGE_CURVE('',#2094,#2104,#2106,.T.);
#2104 = VERTEX_POINT('',#2105);
#2105 = CARTESIAN_POINT('',(0.,0.,0.));
#2106 = LINE('',#2107,#2108);
#2107 = CARTESIAN_POINT('',(0.,-2.,0.));
#2108 = VECTOR('',#2109,1.);
#2109 = DIRECTION('',(-0.,1.,0.));
#2110 = ORIENTED_EDGE('',*,*,#2111,.T.);
#2111 = EDGE_CURVE('',#2104,#2112,#2114,.T.);
#2112 = VERTEX_POINT('',#2113);
#2113 = CARTESIAN_POINT('',(0.,0.,172.27));
#2114 = LINE('',#2115,#2116);
#2115 = CARTESIAN_POINT('',(0.,0.,0.));
#2116 = VECTOR('',#2117,1.);
#2117 = DIRECTION('',(0.,0.,1.));
#2118 = ORIENTED_EDGE('',*,*,#2119,.F.);
#2119 = EDGE_CURVE('',#2096,#2112,#2120,.T.);
#2120 = LINE('',#2121,#2122);
#2121 = CARTESIAN_POINT('',(0.,-2.,172.27));
#2122 = VECTOR('',#2123,1.);
#2123 = DIRECTION('',(-0.,1.,0.));
#2124 = PLANE('',#2125);
#2125 = AXIS2_PLACEMENT_3D('',#2126,#2127,#2128);
#2126 = CARTESIAN_POINT('',(0.,-2.,0.));
#2127 = DIRECTION('',(1.,0.,-0.));
#2128 = DIRECTION('',(0.,0.,1.));
#2129 = ADVANCED_FACE('',(#2130,#2155,#2166,#2177,#2188,#2199,#2210,
    #2244,#2278,#2289,#2300,#2311,#2322),#2333,.F.);
#2130 = FACE_BOUND('',#2131,.F.);
#2131 = EDGE_LOOP('',(#2132,#2140,#2141,#2149));
#2132 = ORIENTED_EDGE('',*,*,#2133,.F.);
#2133 = EDGE_CURVE('',#2094,#2134,#2136,.T.);
#2134 = VERTEX_POINT('',#2135);
#2135 = CARTESIAN_POINT('',(180.9,-2.,0.));
#2136 = LINE('',#2137,#2138);
#2137 = CARTESIAN_POINT('',(0.,-2.,0.));
#2138 = VECTOR('',#2139,1.);
#2139 = DIRECTION('',(1.,0.,-0.));
#2140 = ORIENTED_EDGE('',*,*,#2093,.T.);
#2141 = ORIENTED_EDGE('',*,*,#2142,.T.);
#2142 = EDGE_CURVE('',#2096,#2143,#2145,.T.);
#2143 = VERTEX_POINT('',#2144);
#2144 = CARTESIAN_POINT('',(180.9,-2.,172.27));
#2145 = LINE('',#2146,#2147);
#2146 = CARTESIAN_POINT('',(0.,-2.,172.27));
#2147 = VECTOR('',#2148,1.);
#2148 = DIRECTION('',(1.,0.,-0.));
#2149 = ORIENTED_EDGE('',*,*,#2150,.F.);
#2150 = EDGE_CURVE('',#2134,#2143,#2151,.T.);
#2151 = LINE('',#2152,#2153);
#2152 = CARTESIAN_POINT('',(180.9,-2.,0.));
#2153 = VECTOR('',#2154,1.);
#2154 = DIRECTION('',(0.,0.,1.));
#2155 = FACE_BOUND('',#2156,.F.);
#2156 = EDGE_LOOP('',(#2157));
#2157 = ORIENTED_EDGE('',*,*,#2158,.F.);
#2158 = EDGE_CURVE('',#2159,#2159,#2161,.T.);
#2159 = VERTEX_POINT('',#2160);
#2160 = CARTESIAN_POINT('',(10.,-2.,31.3));
#2161 = CIRCLE('',#2162,1.3);
#2162 = AXIS2_PLACEMENT_3D('',#2163,#2164,#2165);
#2163 = CARTESIAN_POINT('',(10.,-2.,30.));
#2164 = DIRECTION('',(0.,1.,0.));
#2165 = DIRECTION('',(0.,-0.,1.));
#2166 = FACE_BOUND('',#2167,.F.);
#2167 = EDGE_LOOP('',(#2168));
#2168 = ORIENTED_EDGE('',*,*,#2169,.F.);
#2169 = EDGE_CURVE('',#2170,#2170,#2172,.T.);
#2170 = VERTEX_POINT('',#2171);
#2171 = CARTESIAN_POINT('',(11.95,-2.,45.885));
#2172 = CIRCLE('',#2173,3.25);
#2173 = AXIS2_PLACEMENT_3D('',#2174,#2175,#2176);
#2174 = CARTESIAN_POINT('',(11.95,-2.,42.635));
#2175 = DIRECTION('',(0.,1.,0.));
#2176 = DIRECTION('',(0.,-0.,1.));
#2177 = FACE_BOUND('',#2178,.F.);
#2178 = EDGE_LOOP('',(#2179));
#2179 = ORIENTED_EDGE('',*,*,#2180,.F.);
#2180 = EDGE_CURVE('',#2181,#2181,#2183,.T.);
#2181 = VERTEX_POINT('',#2182);
#2182 = CARTESIAN_POINT('',(10.,-2.,87.435));
#2183 = CIRCLE('',#2184,1.3);
#2184 = AXIS2_PLACEMENT_3D('',#2185,#2186,#2187);
#2185 = CARTESIAN_POINT('',(10.,-2.,86.135));
#2186 = DIRECTION('',(0.,1.,0.));
#2187 = DIRECTION('',(0.,-0.,1.));
#2188 = FACE_BOUND('',#2189,.F.);
#2189 = EDGE_LOOP('',(#2190));
#2190 = ORIENTED_EDGE('',*,*,#2191,.F.);
#2191 = EDGE_CURVE('',#2192,#2192,#2194,.T.);
#2192 = VERTEX_POINT('',#2193);
#2193 = CARTESIAN_POINT('',(10.,-2.,143.57));
#2194 = CIRCLE('',#2195,1.3);
#2195 = AXIS2_PLACEMENT_3D('',#2196,#2197,#2198);
#2196 = CARTESIAN_POINT('',(10.,-2.,142.27));
#2197 = DIRECTION('',(0.,1.,0.));
#2198 = DIRECTION('',(0.,-0.,1.));
#2199 = FACE_BOUND('',#2200,.F.);
#2200 = EDGE_LOOP('',(#2201));
#2201 = ORIENTED_EDGE('',*,*,#2202,.F.);
#2202 = EDGE_CURVE('',#2203,#2203,#2205,.T.);
#2203 = VERTEX_POINT('',#2204);
#2204 = CARTESIAN_POINT('',(11.95,-2.,160.885));
#2205 = CIRCLE('',#2206,3.25);
#2206 = AXIS2_PLACEMENT_3D('',#2207,#2208,#2209);
#2207 = CARTESIAN_POINT('',(11.95,-2.,157.635));
#2208 = DIRECTION('',(0.,1.,0.));
#2209 = DIRECTION('',(0.,-0.,1.));
#2210 = FACE_BOUND('',#2211,.F.);
#2211 = EDGE_LOOP('',(#2212,#2222,#2230,#2238));
#2212 = ORIENTED_EDGE('',*,*,#2213,.F.);
#2213 = EDGE_CURVE('',#2214,#2216,#2218,.T.);
#2214 = VERTEX_POINT('',#2215);
#2215 = CARTESIAN_POINT('',(13.345,-2.,143.095));
#2216 = VERTEX_POINT('',#2217);
#2217 = CARTESIAN_POINT('',(167.555,-2.,143.095));
#2218 = LINE('',#2219,#2220);
#2219 = CARTESIAN_POINT('',(6.6725,-2.,143.095));
#2220 = VECTOR('',#2221,1.);
#2221 = DIRECTION('',(1.,0.,-0.));
#2222 = ORIENTED_EDGE('',*,*,#2223,.T.);
#2223 = EDGE_CURVE('',#2214,#2224,#2226,.T.);
#2224 = VERTEX_POINT('',#2225);
#2225 = CARTESIAN_POINT('',(13.345,-2.,57.175));
#2226 = LINE('',#2227,#2228);
#2227 = CARTESIAN_POINT('',(13.345,-2.,28.5875));
#2228 = VECTOR('',#2229,1.);
#2229 = DIRECTION('',(-0.,0.,-1.));
#2230 = ORIENTED_EDGE('',*,*,#2231,.T.);
#2231 = EDGE_CURVE('',#2224,#2232,#2234,.T.);
#2232 = VERTEX_POINT('',#2233);
#2233 = CARTESIAN_POINT('',(167.555,-2.,57.175));
#2234 = LINE('',#2235,#2236);
#2235 = CARTESIAN_POINT('',(6.6725,-2.,57.175));
#2236 = VECTOR('',#2237,1.);
#2237 = DIRECTION('',(1.,0.,-0.));
#2238 = ORIENTED_EDGE('',*,*,#2239,.F.);
#2239 = EDGE_CURVE('',#2216,#2232,#2240,.T.);
#2240 = LINE('',#2241,#2242);
#2241 = CARTESIAN_POINT('',(167.555,-2.,28.5875));
#2242 = VECTOR('',#2243,1.);
#2243 = DIRECTION('',(-0.,0.,-1.));
#2244 = FACE_BOUND('',#2245,.F.);
#2245 = EDGE_LOOP('',(#2246,#2256,#2264,#2272));
#2246 = ORIENTED_EDGE('',*,*,#2247,.F.);
#2247 = EDGE_CURVE('',#2248,#2250,#2252,.T.);
#2248 = VERTEX_POINT('',#2249);
#2249 = CARTESIAN_POINT('',(19.85,-2.,22.));
#2250 = VERTEX_POINT('',#2251);
#2251 = CARTESIAN_POINT('',(161.05,-2.,22.));
#2252 = LINE('',#2253,#2254);
#2253 = CARTESIAN_POINT('',(9.925,-2.,22.));
#2254 = VECTOR('',#2255,1.);
#2255 = DIRECTION('',(1.,0.,-0.));
#2256 = ORIENTED_EDGE('',*,*,#2257,.T.);
#2257 = EDGE_CURVE('',#2248,#2258,#2260,.T.);
#2258 = VERTEX_POINT('',#2259);
#2259 = CARTESIAN_POINT('',(19.85,-2.,4.));
#2260 = LINE('',#2261,#2262);
#2261 = CARTESIAN_POINT('',(19.85,-2.,2.));
#2262 = VECTOR('',#2263,1.);
#2263 = DIRECTION('',(-0.,0.,-1.));
#2264 = ORIENTED_EDGE('',*,*,#2265,.T.);
#2265 = EDGE_CURVE('',#2258,#2266,#2268,.T.);
#2266 = VERTEX_POINT('',#2267);
#2267 = CARTESIAN_POINT('',(161.05,-2.,4.));
#2268 = LINE('',#2269,#2270);
#2269 = CARTESIAN_POINT('',(9.925,-2.,4.));
#2270 = VECTOR('',#2271,1.);
#2271 = DIRECTION('',(1.,0.,-0.));
#2272 = ORIENTED_EDGE('',*,*,#2273,.F.);
#2273 = EDGE_CURVE('',#2250,#2266,#2274,.T.);
#2274 = LINE('',#2275,#2276);
#2275 = CARTESIAN_POINT('',(161.05,-2.,2.));
#2276 = VECTOR('',#2277,1.);
#2277 = DIRECTION('',(-0.,0.,-1.));
#2278 = FACE_BOUND('',#2279,.F.);
#2279 = EDGE_LOOP('',(#2280));
#2280 = ORIENTED_EDGE('',*,*,#2281,.F.);
#2281 = EDGE_CURVE('',#2282,#2282,#2284,.T.);
#2282 = VERTEX_POINT('',#2283);
#2283 = CARTESIAN_POINT('',(170.9,-2.,31.3));
#2284 = CIRCLE('',#2285,1.3);
#2285 = AXIS2_PLACEMENT_3D('',#2286,#2287,#2288);
#2286 = CARTESIAN_POINT('',(170.9,-2.,30.));
#2287 = DIRECTION('',(0.,1.,0.));
#2288 = DIRECTION('',(0.,-0.,1.));
#2289 = FACE_BOUND('',#2290,.F.);
#2290 = EDGE_LOOP('',(#2291));
#2291 = ORIENTED_EDGE('',*,*,#2292,.F.);
#2292 = EDGE_CURVE('',#2293,#2293,#2295,.T.);
#2293 = VERTEX_POINT('',#2294);
#2294 = CARTESIAN_POINT('',(168.95,-2.,45.885));
#2295 = CIRCLE('',#2296,3.25);
#2296 = AXIS2_PLACEMENT_3D('',#2297,#2298,#2299);
#2297 = CARTESIAN_POINT('',(168.95,-2.,42.635));
#2298 = DIRECTION('',(0.,1.,0.));
#2299 = DIRECTION('',(0.,-0.,1.));
#2300 = FACE_BOUND('',#2301,.F.);
#2301 = EDGE_LOOP('',(#2302));
#2302 = ORIENTED_EDGE('',*,*,#2303,.F.);
#2303 = EDGE_CURVE('',#2304,#2304,#2306,.T.);
#2304 = VERTEX_POINT('',#2305);
#2305 = CARTESIAN_POINT('',(170.9,-2.,87.435));
#2306 = CIRCLE('',#2307,1.3);
#2307 = AXIS2_PLACEMENT_3D('',#2308,#2309,#2310);
#2308 = CARTESIAN_POINT('',(170.9,-2.,86.135));
#2309 = DIRECTION('',(0.,1.,0.));
#2310 = DIRECTION('',(0.,-0.,1.));
#2311 = FACE_BOUND('',#2312,.F.);
#2312 = EDGE_LOOP('',(#2313));
#2313 = ORIENTED_EDGE('',*,*,#2314,.F.);
#2314 = EDGE_CURVE('',#2315,#2315,#2317,.T.);
#2315 = VERTEX_POINT('',#2316);
#2316 = CARTESIAN_POINT('',(170.9,-2.,143.57));
#2317 = CIRCLE('',#2318,1.3);
#2318 = AXIS2_PLACEMENT_3D('',#2319,#2320,#2321);
#2319 = CARTESIAN_POINT('',(170.9,-2.,142.27));
#2320 = DIRECTION('',(0.,1.,0.));
#2321 = DIRECTION('',(0.,-0.,1.));
#2322 = FACE_BOUND('',#2323,.F.);
#2323 = EDGE_LOOP('',(#2324));
#2324 = ORIENTED_EDGE('',*,*,#2325,.F.);
#2325 = EDGE_CURVE('',#2326,#2326,#2328,.T.);
#2326 = VERTEX_POINT('',#2327);
#2327 = CARTESIAN_POINT('',(168.95,-2.,160.885));
#2328 = CIRCLE('',#2329,3.25);
#2329 = AXIS2_PLACEMENT_3D('',#2330,#2331,#2332);
#2330 = CARTESIAN_POINT('',(168.95,-2.,157.635));
#2331 = DIRECTION('',(0.,1.,0.));
#2332 = DIRECTION('',(0.,-0.,1.));
#2333 = PLANE('',#2334);
#2334 = AXIS2_PLACEMENT_3D('',#2335,#2336,#2337);
#2335 = CARTESIAN_POINT('',(0.,-2.,0.));
#2336 = DIRECTION('',(-0.,1.,0.));
#2337 = DIRECTION('',(0.,0.,1.));
#2338 = ADVANCED_FACE('',(#2339),#2357,.T.);
#2339 = FACE_BOUND('',#2340,.T.);
#2340 = EDGE_LOOP('',(#2341,#2342,#2343,#2351));
#2341 = ORIENTED_EDGE('',*,*,#2119,.F.);
#2342 = ORIENTED_EDGE('',*,*,#2142,.T.);
#2343 = ORIENTED_EDGE('',*,*,#2344,.T.);
#2344 = EDGE_CURVE('',#2143,#2345,#2347,.T.);
#2345 = VERTEX_POINT('',#2346);
#2346 = CARTESIAN_POINT('',(180.9,0.,172.27));
#2347 = LINE('',#2348,#2349);
#2348 = CARTESIAN_POINT('',(180.9,-2.,172.27));
#2349 = VECTOR('',#2350,1.);
#2350 = DIRECTION('',(-0.,1.,0.));
#2351 = ORIENTED_EDGE('',*,*,#2352,.F.);
#2352 = EDGE_CURVE('',#2112,#2345,#2353,.T.);
#2353 = LINE('',#2354,#2355);
#2354 = CARTESIAN_POINT('',(0.,0.,172.27));
#2355 = VECTOR('',#2356,1.);
#2356 = DIRECTION('',(1.,0.,-0.));
#2357 = PLANE('',#2358);
#2358 = AXIS2_PLACEMENT_3D('',#2359,#2360,#2361);
#2359 = CARTESIAN_POINT('',(0.,-2.,172.27));
#2360 = DIRECTION('',(0.,0.,1.));
#2361 = DIRECTION('',(1.,0.,-0.));
#2362 = ADVANCED_FACE('',(#2363,#2381,#2392,#2403,#2414,#2425,#2436,
    #2470,#2504,#2515,#2526,#2537,#2548),#2559,.T.);
#2363 = FACE_BOUND('',#2364,.T.);
#2364 = EDGE_LOOP('',(#2365,#2373,#2374,#2375));
#2365 = ORIENTED_EDGE('',*,*,#2366,.F.);
#2366 = EDGE_CURVE('',#2104,#2367,#2369,.T.);
#2367 = VERTEX_POINT('',#2368);
#2368 = CARTESIAN_POINT('',(180.9,0.,0.));
#2369 = LINE('',#2370,#2371);
#2370 = CARTESIAN_POINT('',(0.,0.,0.));
#2371 = VECTOR('',#2372,1.);
#2372 = DIRECTION('',(1.,0.,-0.));
#2373 = ORIENTED_EDGE('',*,*,#2111,.T.);
#2374 = ORIENTED_EDGE('',*,*,#2352,.T.);
#2375 = ORIENTED_EDGE('',*,*,#2376,.F.);
#2376 = EDGE_CURVE('',#2367,#2345,#2377,.T.);
#2377 = LINE('',#2378,#2379);
#2378 = CARTESIAN_POINT('',(180.9,0.,0.));
#2379 = VECTOR('',#2380,1.);
#2380 = DIRECTION('',(0.,0.,1.));
#2381 = FACE_BOUND('',#2382,.T.);
#2382 = EDGE_LOOP('',(#2383));
#2383 = ORIENTED_EDGE('',*,*,#2384,.F.);
#2384 = EDGE_CURVE('',#2385,#2385,#2387,.T.);
#2385 = VERTEX_POINT('',#2386);
#2386 = CARTESIAN_POINT('',(10.,0.,31.3));
#2387 = CIRCLE('',#2388,1.3);
#2388 = AXIS2_PLACEMENT_3D('',#2389,#2390,#2391);
#2389 = CARTESIAN_POINT('',(10.,0.,30.));
#2390 = DIRECTION('',(0.,1.,0.));
#2391 = DIRECTION('',(0.,-0.,1.));
#2392 = FACE_BOUND('',#2393,.T.);
#2393 = EDGE_LOOP('',(#2394));
#2394 = ORIENTED_EDGE('',*,*,#2395,.F.);
#2395 = EDGE_CURVE('',#2396,#2396,#2398,.T.);
#2396 = VERTEX_POINT('',#2397);
#2397 = CARTESIAN_POINT('',(11.95,0.,45.885));
#2398 = CIRCLE('',#2399,3.25);
#2399 = AXIS2_PLACEMENT_3D('',#2400,#2401,#2402);
#2400 = CARTESIAN_POINT('',(11.95,0.,42.635));
#2401 = DIRECTION('',(0.,1.,0.));
#2402 = DIRECTION('',(0.,-0.,1.));
#2403 = FACE_BOUND('',#2404,.T.);
#2404 = EDGE_LOOP('',(#2405));
#2405 = ORIENTED_EDGE('',*,*,#2406,.F.);
#2406 = EDGE_CURVE('',#2407,#2407,#2409,.T.);
#2407 = VERTEX_POINT('',#2408);
#2408 = CARTESIAN_POINT('',(10.,0.,87.435));
#2409 = CIRCLE('',#2410,1.3);
#2410 = AXIS2_PLACEMENT_3D('',#2411,#2412,#2413);
#2411 = CARTESIAN_POINT('',(10.,0.,86.135));
#2412 = DIRECTION('',(0.,1.,0.));
#2413 = DIRECTION('',(0.,-0.,1.));
#2414 = FACE_BOUND('',#2415,.T.);
#2415 = EDGE_LOOP('',(#2416));
#2416 = ORIENTED_EDGE('',*,*,#2417,.F.);
#2417 = EDGE_CURVE('',#2418,#2418,#2420,.T.);
#2418 = VERTEX_POINT('',#2419);
#2419 = CARTESIAN_POINT('',(10.,0.,143.57));
#2420 = CIRCLE('',#2421,1.3);
#2421 = AXIS2_PLACEMENT_3D('',#2422,#2423,#2424);
#2422 = CARTESIAN_POINT('',(10.,0.,142.27));
#2423 = DIRECTION('',(0.,1.,0.));
#2424 = DIRECTION('',(0.,-0.,1.));
#2425 = FACE_BOUND('',#2426,.T.);
#2426 = EDGE_LOOP('',(#2427));
#2427 = ORIENTED_EDGE('',*,*,#2428,.F.);
#2428 = EDGE_CURVE('',#2429,#2429,#2431,.T.);
#2429 = VERTEX_POINT('',#2430);
#2430 = CARTESIAN_POINT('',(11.95,0.,160.885));
#2431 = CIRCLE('',#2432,3.25);
#2432 = AXIS2_PLACEMENT_3D('',#2433,#2434,#2435);
#2433 = CARTESIAN_POINT('',(11.95,0.,157.635));
#2434 = DIRECTION('',(0.,1.,0.));
#2435 = DIRECTION('',(0.,-0.,1.));
#2436 = FACE_BOUND('',#2437,.T.);
#2437 = EDGE_LOOP('',(#2438,#2448,#2456,#2464));
#2438 = ORIENTED_EDGE('',*,*,#2439,.F.);
#2439 = EDGE_CURVE('',#2440,#2442,#2444,.T.);
#2440 = VERTEX_POINT('',#2441);
#2441 = CARTESIAN_POINT('',(13.345,0.,143.095));
#2442 = VERTEX_POINT('',#2443);
#2443 = CARTESIAN_POINT('',(167.555,0.,143.095));
#2444 = LINE('',#2445,#2446);
#2445 = CARTESIAN_POINT('',(6.6725,0.,143.095));
#2446 = VECTOR('',#2447,1.);
#2447 = DIRECTION('',(1.,0.,-0.));
#2448 = ORIENTED_EDGE('',*,*,#2449,.T.);
#2449 = EDGE_CURVE('',#2440,#2450,#2452,.T.);
#2450 = VERTEX_POINT('',#2451);
#2451 = CARTESIAN_POINT('',(13.345,0.,57.175));
#2452 = LINE('',#2453,#2454);
#2453 = CARTESIAN_POINT('',(13.345,0.,28.5875));
#2454 = VECTOR('',#2455,1.);
#2455 = DIRECTION('',(-0.,0.,-1.));
#2456 = ORIENTED_EDGE('',*,*,#2457,.T.);
#2457 = EDGE_CURVE('',#2450,#2458,#2460,.T.);
#2458 = VERTEX_POINT('',#2459);
#2459 = CARTESIAN_POINT('',(167.555,0.,57.175));
#2460 = LINE('',#2461,#2462);
#2461 = CARTESIAN_POINT('',(6.6725,0.,57.175));
#2462 = VECTOR('',#2463,1.);
#2463 = DIRECTION('',(1.,0.,-0.));
#2464 = ORIENTED_EDGE('',*,*,#2465,.F.);
#2465 = EDGE_CURVE('',#2442,#2458,#2466,.T.);
#2466 = LINE('',#2467,#2468);
#2467 = CARTESIAN_POINT('',(167.555,0.,28.5875));
#2468 = VECTOR('',#2469,1.);
#2469 = DIRECTION('',(-0.,0.,-1.));
#2470 = FACE_BOUND('',#2471,.T.);
#2471 = EDGE_LOOP('',(#2472,#2482,#2490,#2498));
#2472 = ORIENTED_EDGE('',*,*,#2473,.F.);
#2473 = EDGE_CURVE('',#2474,#2476,#2478,.T.);
#2474 = VERTEX_POINT('',#2475);
#2475 = CARTESIAN_POINT('',(19.85,0.,22.));
#2476 = VERTEX_POINT('',#2477);
#2477 = CARTESIAN_POINT('',(161.05,0.,22.));
#2478 = LINE('',#2479,#2480);
#2479 = CARTESIAN_POINT('',(9.925,0.,22.));
#2480 = VECTOR('',#2481,1.);
#2481 = DIRECTION('',(1.,0.,-0.));
#2482 = ORIENTED_EDGE('',*,*,#2483,.T.);
#2483 = EDGE_CURVE('',#2474,#2484,#2486,.T.);
#2484 = VERTEX_POINT('',#2485);
#2485 = CARTESIAN_POINT('',(19.85,0.,4.));
#2486 = LINE('',#2487,#2488);
#2487 = CARTESIAN_POINT('',(19.85,0.,2.));
#2488 = VECTOR('',#2489,1.);
#2489 = DIRECTION('',(-0.,0.,-1.));
#2490 = ORIENTED_EDGE('',*,*,#2491,.T.);
#2491 = EDGE_CURVE('',#2484,#2492,#2494,.T.);
#2492 = VERTEX_POINT('',#2493);
#2493 = CARTESIAN_POINT('',(161.05,0.,4.));
#2494 = LINE('',#2495,#2496);
#2495 = CARTESIAN_POINT('',(9.925,0.,4.));
#2496 = VECTOR('',#2497,1.);
#2497 = DIRECTION('',(1.,0.,-0.));
#2498 = ORIENTED_EDGE('',*,*,#2499,.F.);
#2499 = EDGE_CURVE('',#2476,#2492,#2500,.T.);
#2500 = LINE('',#2501,#2502);
#2501 = CARTESIAN_POINT('',(161.05,0.,2.));
#2502 = VECTOR('',#2503,1.);
#2503 = DIRECTION('',(-0.,0.,-1.));
#2504 = FACE_BOUND('',#2505,.T.);
#2505 = EDGE_LOOP('',(#2506));
#2506 = ORIENTED_EDGE('',*,*,#2507,.F.);
#2507 = EDGE_CURVE('',#2508,#2508,#2510,.T.);
#2508 = VERTEX_POINT('',#2509);
#2509 = CARTESIAN_POINT('',(170.9,0.,31.3));
#2510 = CIRCLE('',#2511,1.3);
#2511 = AXIS2_PLACEMENT_3D('',#2512,#2513,#2514);
#2512 = CARTESIAN_POINT('',(170.9,0.,30.));
#2513 = DIRECTION('',(0.,1.,0.));
#2514 = DIRECTION('',(0.,-0.,1.));
#2515 = FACE_BOUND('',#2516,.T.);
#2516 = EDGE_LOOP('',(#2517));
#2517 = ORIENTED_EDGE('',*,*,#2518,.F.);
#2518 = EDGE_CURVE('',#2519,#2519,#2521,.T.);
#2519 = VERTEX_POINT('',#2520);
#2520 = CARTESIAN_POINT('',(168.95,0.,45.885));
#2521 = CIRCLE('',#2522,3.25);
#2522 = AXIS2_PLACEMENT_3D('',#2523,#2524,#2525);
#2523 = CARTESIAN_POINT('',(168.95,0.,42.635));
#2524 = DIRECTION('',(0.,1.,0.));
#2525 = DIRECTION('',(0.,-0.,1.));
#2526 = FACE_BOUND('',#2527,.T.);
#2527 = EDGE_LOOP('',(#2528));
#2528 = ORIENTED_EDGE('',*,*,#2529,.F.);
#2529 = EDGE_CURVE('',#2530,#2530,#2532,.T.);
#2530 = VERTEX_POINT('',#2531);
#2531 = CARTESIAN_POINT('',(170.9,0.,87.435));
#2532 = CIRCLE('',#2533,1.3);
#2533 = AXIS2_PLACEMENT_3D('',#2534,#2535,#2536);
#2534 = CARTESIAN_POINT('',(170.9,0.,86.135));
#2535 = DIRECTION('',(0.,1.,0.));
#2536 = DIRECTION('',(0.,-0.,1.));
#2537 = FACE_BOUND('',#2538,.T.);
#2538 = EDGE_LOOP('',(#2539));
#2539 = ORIENTED_EDGE('',*,*,#2540,.F.);
#2540 = EDGE_CURVE('',#2541,#2541,#2543,.T.);
#2541 = VERTEX_POINT('',#2542);
#2542 = CARTESIAN_POINT('',(170.9,0.,143.57));
#2543 = CIRCLE('',#2544,1.3);
#2544 = AXIS2_PLACEMENT_3D('',#2545,#2546,#2547);
#2545 = CARTESIAN_POINT('',(170.9,0.,142.27));
#2546 = DIRECTION('',(0.,1.,0.));
#2547 = DIRECTION('',(0.,-0.,1.));
#2548 = FACE_BOUND('',#2549,.T.);
#2549 = EDGE_LOOP('',(#2550));
#2550 = ORIENTED_EDGE('',*,*,#2551,.F.);
#2551 = EDGE_CURVE('',#2552,#2552,#2554,.T.);
#2552 = VERTEX_POINT('',#2553);
#2553 = CARTESIAN_POINT('',(168.95,0.,160.885));
#2554 = CIRCLE('',#2555,3.25);
#2555 = AXIS2_PLACEMENT_3D('',#2556,#2557,#2558);
#2556 = CARTESIAN_POINT('',(168.95,0.,157.635));
#2557 = DIRECTION('',(0.,1.,0.));
#2558 = DIRECTION('',(0.,-0.,1.));
#2559 = PLANE('',#2560);
#2560 = AXIS2_PLACEMENT_3D('',#2561,#2562,#2563);
#2561 = CARTESIAN_POINT('',(0.,0.,0.));
#2562 = DIRECTION('',(-0.,1.,0.));
#2563 = DIRECTION('',(0.,0.,1.));
#2564 = ADVANCED_FACE('',(#2565),#2576,.F.);
#2565 = FACE_BOUND('',#2566,.F.);
#2566 = EDGE_LOOP('',(#2567,#2568,#2569,#2575));
#2567 = ORIENTED_EDGE('',*,*,#2103,.F.);
#2568 = ORIENTED_EDGE('',*,*,#2133,.T.);
#2569 = ORIENTED_EDGE('',*,*,#2570,.T.);
#2570 = EDGE_CURVE('',#2134,#2367,#2571,.T.);
#2571 = LINE('',#2572,#2573);
#2572 = CARTESIAN_POINT('',(180.9,-2.,0.));
#2573 = VECTOR('',#2574,1.);
#2574 = DIRECTION('',(-0.,1.,0.));
#2575 = ORIENTED_EDGE('',*,*,#2366,.F.);
#2576 = PLANE('',#2577);
#2577 = AXIS2_PLACEMENT_3D('',#2578,#2579,#2580);
#2578 = CARTESIAN_POINT('',(0.,-2.,0.));
#2579 = DIRECTION('',(0.,0.,1.));
#2580 = DIRECTION('',(1.,0.,-0.));
#2581 = ADVANCED_FACE('',(#2582),#2588,.T.);
#2582 = FACE_BOUND('',#2583,.T.);
#2583 = EDGE_LOOP('',(#2584,#2585,#2586,#2587));
#2584 = ORIENTED_EDGE('',*,*,#2150,.F.);
#2585 = ORIENTED_EDGE('',*,*,#2570,.T.);
#2586 = ORIENTED_EDGE('',*,*,#2376,.T.);
#2587 = ORIENTED_EDGE('',*,*,#2344,.F.);
#2588 = PLANE('',#2589);
#2589 = AXIS2_PLACEMENT_3D('',#2590,#2591,#2592);
#2590 = CARTESIAN_POINT('',(180.9,-2.,0.));
#2591 = DIRECTION('',(1.,0.,-0.));
#2592 = DIRECTION('',(0.,0.,1.));
#2593 = ADVANCED_FACE('',(#2594),#2605,.F.);
#2594 = FACE_BOUND('',#2595,.F.);
#2595 = EDGE_LOOP('',(#2596,#2597,#2603,#2604));
#2596 = ORIENTED_EDGE('',*,*,#2384,.F.);
#2597 = ORIENTED_EDGE('',*,*,#2598,.F.);
#2598 = EDGE_CURVE('',#2159,#2385,#2599,.T.);
#2599 = LINE('',#2600,#2601);
#2600 = CARTESIAN_POINT('',(10.,-3.,31.3));
#2601 = VECTOR('',#2602,1.);
#2602 = DIRECTION('',(0.,1.,0.));
#2603 = ORIENTED_EDGE('',*,*,#2158,.T.);
#2604 = ORIENTED_EDGE('',*,*,#2598,.T.);
#2605 = CYLINDRICAL_SURFACE('',#2606,1.3);
#2606 = AXIS2_PLACEMENT_3D('',#2607,#2608,#2609);
#2607 = CARTESIAN_POINT('',(10.,-3.,30.));
#2608 = DIRECTION('',(0.,1.,0.));
#2609 = DIRECTION('',(0.,-0.,1.));
#2610 = ADVANCED_FACE('',(#2611),#2622,.F.);
#2611 = FACE_BOUND('',#2612,.F.);
#2612 = EDGE_LOOP('',(#2613,#2614,#2620,#2621));
#2613 = ORIENTED_EDGE('',*,*,#2395,.F.);
#2614 = ORIENTED_EDGE('',*,*,#2615,.F.);
#2615 = EDGE_CURVE('',#2170,#2396,#2616,.T.);
#2616 = LINE('',#2617,#2618);
#2617 = CARTESIAN_POINT('',(11.95,-3.,45.885));
#2618 = VECTOR('',#2619,1.);
#2619 = DIRECTION('',(0.,1.,0.));
#2620 = ORIENTED_EDGE('',*,*,#2169,.T.);
#2621 = ORIENTED_EDGE('',*,*,#2615,.T.);
#2622 = CYLINDRICAL_SURFACE('',#2623,3.25);
#2623 = AXIS2_PLACEMENT_3D('',#2624,#2625,#2626);
#2624 = CARTESIAN_POINT('',(11.95,-3.,42.635));
#2625 = DIRECTION('',(0.,1.,0.));
#2626 = DIRECTION('',(0.,-0.,1.));
#2627 = ADVANCED_FACE('',(#2628),#2639,.F.);
#2628 = FACE_BOUND('',#2629,.F.);
#2629 = EDGE_LOOP('',(#2630,#2631,#2637,#2638));
#2630 = ORIENTED_EDGE('',*,*,#2406,.F.);
#2631 = ORIENTED_EDGE('',*,*,#2632,.F.);
#2632 = EDGE_CURVE('',#2181,#2407,#2633,.T.);
#2633 = LINE('',#2634,#2635);
#2634 = CARTESIAN_POINT('',(10.,-3.,87.435));
#2635 = VECTOR('',#2636,1.);
#2636 = DIRECTION('',(0.,1.,0.));
#2637 = ORIENTED_EDGE('',*,*,#2180,.T.);
#2638 = ORIENTED_EDGE('',*,*,#2632,.T.);
#2639 = CYLINDRICAL_SURFACE('',#2640,1.3);
#2640 = AXIS2_PLACEMENT_3D('',#2641,#2642,#2643);
#2641 = CARTESIAN_POINT('',(10.,-3.,86.135));
#2642 = DIRECTION('',(0.,1.,0.));
#2643 = DIRECTION('',(0.,-0.,1.));
#2644 = ADVANCED_FACE('',(#2645),#2656,.F.);
#2645 = FACE_BOUND('',#2646,.F.);
#2646 = EDGE_LOOP('',(#2647,#2648,#2654,#2655));
#2647 = ORIENTED_EDGE('',*,*,#2417,.F.);
#2648 = ORIENTED_EDGE('',*,*,#2649,.F.);
#2649 = EDGE_CURVE('',#2192,#2418,#2650,.T.);
#2650 = LINE('',#2651,#2652);
#2651 = CARTESIAN_POINT('',(10.,-3.,143.57));
#2652 = VECTOR('',#2653,1.);
#2653 = DIRECTION('',(0.,1.,0.));
#2654 = ORIENTED_EDGE('',*,*,#2191,.T.);
#2655 = ORIENTED_EDGE('',*,*,#2649,.T.);
#2656 = CYLINDRICAL_SURFACE('',#2657,1.3);
#2657 = AXIS2_PLACEMENT_3D('',#2658,#2659,#2660);
#2658 = CARTESIAN_POINT('',(10.,-3.,142.27));
#2659 = DIRECTION('',(0.,1.,0.));
#2660 = DIRECTION('',(0.,-0.,1.));
#2661 = ADVANCED_FACE('',(#2662),#2673,.F.);
#2662 = FACE_BOUND('',#2663,.F.);
#2663 = EDGE_LOOP('',(#2664,#2665,#2671,#2672));
#2664 = ORIENTED_EDGE('',*,*,#2428,.F.);
#2665 = ORIENTED_EDGE('',*,*,#2666,.F.);
#2666 = EDGE_CURVE('',#2203,#2429,#2667,.T.);
#2667 = LINE('',#2668,#2669);
#2668 = CARTESIAN_POINT('',(11.95,-3.,160.885));
#2669 = VECTOR('',#2670,1.);
#2670 = DIRECTION('',(0.,1.,0.));
#2671 = ORIENTED_EDGE('',*,*,#2202,.T.);
#2672 = ORIENTED_EDGE('',*,*,#2666,.T.);
#2673 = CYLINDRICAL_SURFACE('',#2674,3.25);
#2674 = AXIS2_PLACEMENT_3D('',#2675,#2676,#2677);
#2675 = CARTESIAN_POINT('',(11.95,-3.,157.635));
#2676 = DIRECTION('',(0.,1.,0.));
#2677 = DIRECTION('',(0.,-0.,1.));
#2678 = ADVANCED_FACE('',(#2679),#2695,.F.);
#2679 = FACE_BOUND('',#2680,.F.);
#2680 = EDGE_LOOP('',(#2681,#2687,#2688,#2694));
#2681 = ORIENTED_EDGE('',*,*,#2682,.F.);
#2682 = EDGE_CURVE('',#2214,#2440,#2683,.T.);
#2683 = LINE('',#2684,#2685);
#2684 = CARTESIAN_POINT('',(13.345,-3.,143.095));
#2685 = VECTOR('',#2686,1.);
#2686 = DIRECTION('',(-0.,1.,0.));
#2687 = ORIENTED_EDGE('',*,*,#2213,.T.);
#2688 = ORIENTED_EDGE('',*,*,#2689,.T.);
#2689 = EDGE_CURVE('',#2216,#2442,#2690,.T.);
#2690 = LINE('',#2691,#2692);
#2691 = CARTESIAN_POINT('',(167.555,-3.,143.095));
#2692 = VECTOR('',#2693,1.);
#2693 = DIRECTION('',(-0.,1.,0.));
#2694 = ORIENTED_EDGE('',*,*,#2439,.F.);
#2695 = PLANE('',#2696);
#2696 = AXIS2_PLACEMENT_3D('',#2697,#2698,#2699);
#2697 = CARTESIAN_POINT('',(13.345,-3.,143.095));
#2698 = DIRECTION('',(0.,0.,1.));
#2699 = DIRECTION('',(1.,0.,-0.));
#2700 = ADVANCED_FACE('',(#2701),#2712,.T.);
#2701 = FACE_BOUND('',#2702,.T.);
#2702 = EDGE_LOOP('',(#2703,#2704,#2705,#2711));
#2703 = ORIENTED_EDGE('',*,*,#2682,.F.);
#2704 = ORIENTED_EDGE('',*,*,#2223,.T.);
#2705 = ORIENTED_EDGE('',*,*,#2706,.T.);
#2706 = EDGE_CURVE('',#2224,#2450,#2707,.T.);
#2707 = LINE('',#2708,#2709);
#2708 = CARTESIAN_POINT('',(13.345,-3.,57.175));
#2709 = VECTOR('',#2710,1.);
#2710 = DIRECTION('',(-0.,1.,0.));
#2711 = ORIENTED_EDGE('',*,*,#2449,.F.);
#2712 = PLANE('',#2713);
#2713 = AXIS2_PLACEMENT_3D('',#2714,#2715,#2716);
#2714 = CARTESIAN_POINT('',(13.345,-3.,57.175));
#2715 = DIRECTION('',(1.,0.,-0.));
#2716 = DIRECTION('',(0.,0.,1.));
#2717 = ADVANCED_FACE('',(#2718),#2729,.F.);
#2718 = FACE_BOUND('',#2719,.F.);
#2719 = EDGE_LOOP('',(#2720,#2721,#2722,#2728));
#2720 = ORIENTED_EDGE('',*,*,#2689,.F.);
#2721 = ORIENTED_EDGE('',*,*,#2239,.T.);
#2722 = ORIENTED_EDGE('',*,*,#2723,.T.);
#2723 = EDGE_CURVE('',#2232,#2458,#2724,.T.);
#2724 = LINE('',#2725,#2726);
#2725 = CARTESIAN_POINT('',(167.555,-3.,57.175));
#2726 = VECTOR('',#2727,1.);
#2727 = DIRECTION('',(-0.,1.,0.));
#2728 = ORIENTED_EDGE('',*,*,#2465,.F.);
#2729 = PLANE('',#2730);
#2730 = AXIS2_PLACEMENT_3D('',#2731,#2732,#2733);
#2731 = CARTESIAN_POINT('',(167.555,-3.,57.175));
#2732 = DIRECTION('',(1.,0.,-0.));
#2733 = DIRECTION('',(0.,0.,1.));
#2734 = ADVANCED_FACE('',(#2735),#2741,.T.);
#2735 = FACE_BOUND('',#2736,.T.);
#2736 = EDGE_LOOP('',(#2737,#2738,#2739,#2740));
#2737 = ORIENTED_EDGE('',*,*,#2706,.F.);
#2738 = ORIENTED_EDGE('',*,*,#2231,.T.);
#2739 = ORIENTED_EDGE('',*,*,#2723,.T.);
#2740 = ORIENTED_EDGE('',*,*,#2457,.F.);
#2741 = PLANE('',#2742);
#2742 = AXIS2_PLACEMENT_3D('',#2743,#2744,#2745);
#2743 = CARTESIAN_POINT('',(13.345,-3.,57.175));
#2744 = DIRECTION('',(0.,0.,1.));
#2745 = DIRECTION('',(1.,0.,-0.));
#2746 = ADVANCED_FACE('',(#2747),#2763,.F.);
#2747 = FACE_BOUND('',#2748,.F.);
#2748 = EDGE_LOOP('',(#2749,#2755,#2756,#2762));
#2749 = ORIENTED_EDGE('',*,*,#2750,.F.);
#2750 = EDGE_CURVE('',#2248,#2474,#2751,.T.);
#2751 = LINE('',#2752,#2753);
#2752 = CARTESIAN_POINT('',(19.85,-3.,22.));
#2753 = VECTOR('',#2754,1.);
#2754 = DIRECTION('',(-0.,1.,0.));
#2755 = ORIENTED_EDGE('',*,*,#2247,.T.);
#2756 = ORIENTED_EDGE('',*,*,#2757,.T.);
#2757 = EDGE_CURVE('',#2250,#2476,#2758,.T.);
#2758 = LINE('',#2759,#2760);
#2759 = CARTESIAN_POINT('',(161.05,-3.,22.));
#2760 = VECTOR('',#2761,1.);
#2761 = DIRECTION('',(-0.,1.,0.));
#2762 = ORIENTED_EDGE('',*,*,#2473,.F.);
#2763 = PLANE('',#2764);
#2764 = AXIS2_PLACEMENT_3D('',#2765,#2766,#2767);
#2765 = CARTESIAN_POINT('',(19.85,-3.,22.));
#2766 = DIRECTION('',(0.,0.,1.));
#2767 = DIRECTION('',(1.,0.,-0.));
#2768 = ADVANCED_FACE('',(#2769),#2780,.T.);
#2769 = FACE_BOUND('',#2770,.T.);
#2770 = EDGE_LOOP('',(#2771,#2772,#2773,#2779));
#2771 = ORIENTED_EDGE('',*,*,#2750,.F.);
#2772 = ORIENTED_EDGE('',*,*,#2257,.T.);
#2773 = ORIENTED_EDGE('',*,*,#2774,.T.);
#2774 = EDGE_CURVE('',#2258,#2484,#2775,.T.);
#2775 = LINE('',#2776,#2777);
#2776 = CARTESIAN_POINT('',(19.85,-3.,4.));
#2777 = VECTOR('',#2778,1.);
#2778 = DIRECTION('',(-0.,1.,0.));
#2779 = ORIENTED_EDGE('',*,*,#2483,.F.);
#2780 = PLANE('',#2781);
#2781 = AXIS2_PLACEMENT_3D('',#2782,#2783,#2784);
#2782 = CARTESIAN_POINT('',(19.85,-3.,4.));
#2783 = DIRECTION('',(1.,0.,-0.));
#2784 = DIRECTION('',(0.,0.,1.));
#2785 = ADVANCED_FACE('',(#2786),#2797,.F.);
#2786 = FACE_BOUND('',#2787,.F.);
#2787 = EDGE_LOOP('',(#2788,#2789,#2790,#2796));
#2788 = ORIENTED_EDGE('',*,*,#2757,.F.);
#2789 = ORIENTED_EDGE('',*,*,#2273,.T.);
#2790 = ORIENTED_EDGE('',*,*,#2791,.T.);
#2791 = EDGE_CURVE('',#2266,#2492,#2792,.T.);
#2792 = LINE('',#2793,#2794);
#2793 = CARTESIAN_POINT('',(161.05,-3.,4.));
#2794 = VECTOR('',#2795,1.);
#2795 = DIRECTION('',(-0.,1.,0.));
#2796 = ORIENTED_EDGE('',*,*,#2499,.F.);
#2797 = PLANE('',#2798);
#2798 = AXIS2_PLACEMENT_3D('',#2799,#2800,#2801);
#2799 = CARTESIAN_POINT('',(161.05,-3.,4.));
#2800 = DIRECTION('',(1.,0.,-0.));
#2801 = DIRECTION('',(0.,0.,1.));
#2802 = ADVANCED_FACE('',(#2803),#2809,.T.);
#2803 = FACE_BOUND('',#2804,.T.);
#2804 = EDGE_LOOP('',(#2805,#2806,#2807,#2808));
#2805 = ORIENTED_EDGE('',*,*,#2774,.F.);
#2806 = ORIENTED_EDGE('',*,*,#2265,.T.);
#2807 = ORIENTED_EDGE('',*,*,#2791,.T.);
#2808 = ORIENTED_EDGE('',*,*,#2491,.F.);
#2809 = PLANE('',#2810);
#2810 = AXIS2_PLACEMENT_3D('',#2811,#2812,#2813);
#2811 = CARTESIAN_POINT('',(19.85,-3.,4.));
#2812 = DIRECTION('',(0.,0.,1.));
#2813 = DIRECTION('',(1.,0.,-0.));
#2814 = ADVANCED_FACE('',(#2815),#2826,.F.);
#2815 = FACE_BOUND('',#2816,.F.);
#2816 = EDGE_LOOP('',(#2817,#2818,#2824,#2825));
#2817 = ORIENTED_EDGE('',*,*,#2507,.F.);
#2818 = ORIENTED_EDGE('',*,*,#2819,.F.);
#2819 = EDGE_CURVE('',#2282,#2508,#2820,.T.);
#2820 = LINE('',#2821,#2822);
#2821 = CARTESIAN_POINT('',(170.9,-3.,31.3));
#2822 = VECTOR('',#2823,1.);
#2823 = DIRECTION('',(0.,1.,0.));
#2824 = ORIENTED_EDGE('',*,*,#2281,.T.);
#2825 = ORIENTED_EDGE('',*,*,#2819,.T.);
#2826 = CYLINDRICAL_SURFACE('',#2827,1.3);
#2827 = AXIS2_PLACEMENT_3D('',#2828,#2829,#2830);
#2828 = CARTESIAN_POINT('',(170.9,-3.,30.));
#2829 = DIRECTION('',(0.,1.,0.));
#2830 = DIRECTION('',(0.,-0.,1.));
#2831 = ADVANCED_FACE('',(#2832),#2843,.F.);
#2832 = FACE_BOUND('',#2833,.F.);
#2833 = EDGE_LOOP('',(#2834,#2835,#2841,#2842));
#2834 = ORIENTED_EDGE('',*,*,#2518,.F.);
#2835 = ORIENTED_EDGE('',*,*,#2836,.F.);
#2836 = EDGE_CURVE('',#2293,#2519,#2837,.T.);
#2837 = LINE('',#2838,#2839);
#2838 = CARTESIAN_POINT('',(168.95,-3.,45.885));
#2839 = VECTOR('',#2840,1.);
#2840 = DIRECTION('',(0.,1.,0.));
#2841 = ORIENTED_EDGE('',*,*,#2292,.T.);
#2842 = ORIENTED_EDGE('',*,*,#2836,.T.);
#2843 = CYLINDRICAL_SURFACE('',#2844,3.25);
#2844 = AXIS2_PLACEMENT_3D('',#2845,#2846,#2847);
#2845 = CARTESIAN_POINT('',(168.95,-3.,42.635));
#2846 = DIRECTION('',(0.,1.,0.));
#2847 = DIRECTION('',(0.,-0.,1.));
#2848 = ADVANCED_FACE('',(#2849),#2860,.F.);
#2849 = FACE_BOUND('',#2850,.F.);
#2850 = EDGE_LOOP('',(#2851,#2852,#2858,#2859));
#2851 = ORIENTED_EDGE('',*,*,#2529,.F.);
#2852 = ORIENTED_EDGE('',*,*,#2853,.F.);
#2853 = EDGE_CURVE('',#2304,#2530,#2854,.T.);
#2854 = LINE('',#2855,#2856);
#2855 = CARTESIAN_POINT('',(170.9,-3.,87.435));
#2856 = VECTOR('',#2857,1.);
#2857 = DIRECTION('',(0.,1.,0.));
#2858 = ORIENTED_EDGE('',*,*,#2303,.T.);
#2859 = ORIENTED_EDGE('',*,*,#2853,.T.);
#2860 = CYLINDRICAL_SURFACE('',#2861,1.3);
#2861 = AXIS2_PLACEMENT_3D('',#2862,#2863,#2864);
#2862 = CARTESIAN_POINT('',(170.9,-3.,86.135));
#2863 = DIRECTION('',(0.,1.,0.));
#2864 = DIRECTION('',(0.,-0.,1.));
#2865 = ADVANCED_FACE('',(#2866),#2877,.F.);
#2866 = FACE_BOUND('',#2867,.F.);
#2867 = EDGE_LOOP('',(#2868,#2869,#2875,#2876));
#2868 = ORIENTED_EDGE('',*,*,#2540,.F.);
#2869 = ORIENTED_EDGE('',*,*,#2870,.F.);
#2870 = EDGE_CURVE('',#2315,#2541,#2871,.T.);
#2871 = LINE('',#2872,#2873);
#2872 = CARTESIAN_POINT('',(170.9,-3.,143.57));
#2873 = VECTOR('',#2874,1.);
#2874 = DIRECTION('',(0.,1.,0.));
#2875 = ORIENTED_EDGE('',*,*,#2314,.T.);
#2876 = ORIENTED_EDGE('',*,*,#2870,.T.);
#2877 = CYLINDRICAL_SURFACE('',#2878,1.3);
#2878 = AXIS2_PLACEMENT_3D('',#2879,#2880,#2881);
#2879 = CARTESIAN_POINT('',(170.9,-3.,142.27));
#2880 = DIRECTION('',(0.,1.,0.));
#2881 = DIRECTION('',(0.,-0.,1.));
#2882 = ADVANCED_FACE('',(#2883),#2894,.F.);
#2883 = FACE_BOUND('',#2884,.F.);
#2884 = EDGE_LOOP('',(#2885,#2886,#2892,#2893));
#2885 = ORIENTED_EDGE('',*,*,#2551,.F.);
#2886 = ORIENTED_EDGE('',*,*,#2887,.F.);
#2887 = EDGE_CURVE('',#2326,#2552,#2888,.T.);
#2888 = LINE('',#2889,#2890);
#2889 = CARTESIAN_POINT('',(168.95,-3.,160.885));
#2890 = VECTOR('',#2891,1.);
#2891 = DIRECTION('',(0.,1.,0.));
#2892 = ORIENTED_EDGE('',*,*,#2325,.T.);
#2893 = ORIENTED_EDGE('',*,*,#2887,.T.);
#2894 = CYLINDRICAL_SURFACE('',#2895,3.25);
#2895 = AXIS2_PLACEMENT_3D('',#2896,#2897,#2898);
#2896 = CARTESIAN_POINT('',(168.95,-3.,157.635));
#2897 = DIRECTION('',(0.,1.,0.));
#2898 = DIRECTION('',(0.,-0.,1.));
#2899 = MANIFOLD_SOLID_BREP('',#2900);
#2900 = CLOSED_SHELL('',(#2901,#2941,#3161,#3185,#3398,#3415,#3427,#3444
    ,#3461,#3478,#3500,#3517,#3534,#3546,#3563,#3580,#3597,#3614,#3631,
    #3653,#3670,#3687,#3699,#3716,#3733));
#2901 = ADVANCED_FACE('',(#2902),#2936,.F.);
#2902 = FACE_BOUND('',#2903,.F.);
#2903 = EDGE_LOOP('',(#2904,#2914,#2922,#2930));
#2904 = ORIENTED_EDGE('',*,*,#2905,.F.);
#2905 = EDGE_CURVE('',#2906,#2908,#2910,.T.);
#2906 = VERTEX_POINT('',#2907);
#2907 = CARTESIAN_POINT('',(0.,216.,0.));
#2908 = VERTEX_POINT('',#2909);
#2909 = CARTESIAN_POINT('',(0.,216.,172.27));
#2910 = LINE('',#2911,#2912);
#2911 = CARTESIAN_POINT('',(0.,216.,0.));
#2912 = VECTOR('',#2913,1.);
#2913 = DIRECTION('',(0.,0.,1.));
#2914 = ORIENTED_EDGE('',*,*,#2915,.T.);
#2915 = EDGE_CURVE('',#2906,#2916,#2918,.T.);
#2916 = VERTEX_POINT('',#2917);
#2917 = CARTESIAN_POINT('',(0.,218.,0.));
#2918 = LINE('',#2919,#2920);
#2919 = CARTESIAN_POINT('',(0.,216.,0.));
#2920 = VECTOR('',#2921,1.);
#2921 = DIRECTION('',(-0.,1.,0.));
#2922 = ORIENTED_EDGE('',*,*,#2923,.T.);
#2923 = EDGE_CURVE('',#2916,#2924,#2926,.T.);
#2924 = VERTEX_POINT('',#2925);
#2925 = CARTESIAN_POINT('',(0.,218.,172.27));
#2926 = LINE('',#2927,#2928);
#2927 = CARTESIAN_POINT('',(0.,218.,0.));
#2928 = VECTOR('',#2929,1.);
#2929 = DIRECTION('',(0.,0.,1.));
#2930 = ORIENTED_EDGE('',*,*,#2931,.F.);
#2931 = EDGE_CURVE('',#2908,#2924,#2932,.T.);
#2932 = LINE('',#2933,#2934);
#2933 = CARTESIAN_POINT('',(0.,216.,172.27));
#2934 = VECTOR('',#2935,1.);
#2935 = DIRECTION('',(-0.,1.,0.));
#2936 = PLANE('',#2937);
#2937 = AXIS2_PLACEMENT_3D('',#2938,#2939,#2940);
#2938 = CARTESIAN_POINT('',(0.,216.,0.));
#2939 = DIRECTION('',(1.,0.,-0.));
#2940 = DIRECTION('',(0.,0.,1.));
#2941 = ADVANCED_FACE('',(#2942,#2967,#2978,#2989,#3000,#3034,#3045,
    #3056,#3067,#3078,#3089,#3123,#3134,#3145),#3156,.F.);
#2942 = FACE_BOUND('',#2943,.F.);
#2943 = EDGE_LOOP('',(#2944,#2952,#2953,#2961));
#2944 = ORIENTED_EDGE('',*,*,#2945,.F.);
#2945 = EDGE_CURVE('',#2906,#2946,#2948,.T.);
#2946 = VERTEX_POINT('',#2947);
#2947 = CARTESIAN_POINT('',(180.9,216.,0.));
#2948 = LINE('',#2949,#2950);
#2949 = CARTESIAN_POINT('',(0.,216.,0.));
#2950 = VECTOR('',#2951,1.);
#2951 = DIRECTION('',(1.,0.,-0.));
#2952 = ORIENTED_EDGE('',*,*,#2905,.T.);
#2953 = ORIENTED_EDGE('',*,*,#2954,.T.);
#2954 = EDGE_CURVE('',#2908,#2955,#2957,.T.);
#2955 = VERTEX_POINT('',#2956);
#2956 = CARTESIAN_POINT('',(180.9,216.,172.27));
#2957 = LINE('',#2958,#2959);
#2958 = CARTESIAN_POINT('',(0.,216.,172.27));
#2959 = VECTOR('',#2960,1.);
#2960 = DIRECTION('',(1.,0.,-0.));
#2961 = ORIENTED_EDGE('',*,*,#2962,.F.);
#2962 = EDGE_CURVE('',#2946,#2955,#2963,.T.);
#2963 = LINE('',#2964,#2965);
#2964 = CARTESIAN_POINT('',(180.9,216.,0.));
#2965 = VECTOR('',#2966,1.);
#2966 = DIRECTION('',(0.,0.,1.));
#2967 = FACE_BOUND('',#2968,.F.);
#2968 = EDGE_LOOP('',(#2969));
#2969 = ORIENTED_EDGE('',*,*,#2970,.F.);
#2970 = EDGE_CURVE('',#2971,#2971,#2973,.T.);
#2971 = VERTEX_POINT('',#2972);
#2972 = CARTESIAN_POINT('',(10.,216.,31.3));
#2973 = CIRCLE('',#2974,1.3);
#2974 = AXIS2_PLACEMENT_3D('',#2975,#2976,#2977);
#2975 = CARTESIAN_POINT('',(10.,216.,30.));
#2976 = DIRECTION('',(0.,1.,0.));
#2977 = DIRECTION('',(0.,-0.,1.));
#2978 = FACE_BOUND('',#2979,.F.);
#2979 = EDGE_LOOP('',(#2980));
#2980 = ORIENTED_EDGE('',*,*,#2981,.F.);
#2981 = EDGE_CURVE('',#2982,#2982,#2984,.T.);
#2982 = VERTEX_POINT('',#2983);
#2983 = CARTESIAN_POINT('',(10.,216.,87.435));
#2984 = CIRCLE('',#2985,1.3);
#2985 = AXIS2_PLACEMENT_3D('',#2986,#2987,#2988);
#2986 = CARTESIAN_POINT('',(10.,216.,86.135));
#2987 = DIRECTION('',(0.,1.,0.));
#2988 = DIRECTION('',(0.,-0.,1.));
#2989 = FACE_BOUND('',#2990,.F.);
#2990 = EDGE_LOOP('',(#2991));
#2991 = ORIENTED_EDGE('',*,*,#2992,.F.);
#2992 = EDGE_CURVE('',#2993,#2993,#2995,.T.);
#2993 = VERTEX_POINT('',#2994);
#2994 = CARTESIAN_POINT('',(36.652,216.,87.735));
#2995 = CIRCLE('',#2996,1.6);
#2996 = AXIS2_PLACEMENT_3D('',#2997,#2998,#2999);
#2997 = CARTESIAN_POINT('',(36.652,216.,86.135));
#2998 = DIRECTION('',(0.,1.,0.));
#2999 = DIRECTION('',(0.,-0.,1.));
#3000 = FACE_BOUND('',#3001,.F.);
#3001 = EDGE_LOOP('',(#3002,#3012,#3020,#3028));
#3002 = ORIENTED_EDGE('',*,*,#3003,.F.);
#3003 = EDGE_CURVE('',#3004,#3006,#3008,.T.);
#3004 = VERTEX_POINT('',#3005);
#3005 = CARTESIAN_POINT('',(43.652,216.,94.135));
#3006 = VERTEX_POINT('',#3007);
#3007 = CARTESIAN_POINT('',(57.652,216.,94.135));
#3008 = LINE('',#3009,#3010);
#3009 = CARTESIAN_POINT('',(21.826,216.,94.135));
#3010 = VECTOR('',#3011,1.);
#3011 = DIRECTION('',(1.,0.,-0.));
#3012 = ORIENTED_EDGE('',*,*,#3013,.T.);
#3013 = EDGE_CURVE('',#3004,#3014,#3016,.T.);
#3014 = VERTEX_POINT('',#3015);
#3015 = CARTESIAN_POINT('',(43.652,216.,78.135));
#3016 = LINE('',#3017,#3018);
#3017 = CARTESIAN_POINT('',(43.652,216.,39.0675));
#3018 = VECTOR('',#3019,1.);
#3019 = DIRECTION('',(-0.,0.,-1.));
#3020 = ORIENTED_EDGE('',*,*,#3021,.T.);
#3021 = EDGE_CURVE('',#3014,#3022,#3024,.T.);
#3022 = VERTEX_POINT('',#3023);
#3023 = CARTESIAN_POINT('',(57.652,216.,78.135));
#3024 = LINE('',#3025,#3026);
#3025 = CARTESIAN_POINT('',(21.826,216.,78.135));
#3026 = VECTOR('',#3027,1.);
#3027 = DIRECTION('',(1.,0.,-0.));
#3028 = ORIENTED_EDGE('',*,*,#3029,.F.);
#3029 = EDGE_CURVE('',#3006,#3022,#3030,.T.);
#3030 = LINE('',#3031,#3032);
#3031 = CARTESIAN_POINT('',(57.652,216.,39.0675));
#3032 = VECTOR('',#3033,1.);
#3033 = DIRECTION('',(-0.,0.,-1.));
#3034 = FACE_BOUND('',#3035,.F.);
#3035 = EDGE_LOOP('',(#3036));
#3036 = ORIENTED_EDGE('',*,*,#3037,.F.);
#3037 = EDGE_CURVE('',#3038,#3038,#3040,.T.);
#3038 = VERTEX_POINT('',#3039);
#3039 = CARTESIAN_POINT('',(64.652,216.,87.735));
#3040 = CIRCLE('',#3041,1.6);
#3041 = AXIS2_PLACEMENT_3D('',#3042,#3043,#3044);
#3042 = CARTESIAN_POINT('',(64.652,216.,86.135));
#3043 = DIRECTION('',(0.,1.,0.));
#3044 = DIRECTION('',(0.,-0.,1.));
#3045 = FACE_BOUND('',#3046,.F.);
#3046 = EDGE_LOOP('',(#3047));
#3047 = ORIENTED_EDGE('',*,*,#3048,.F.);
#3048 = EDGE_CURVE('',#3049,#3049,#3051,.T.);
#3049 = VERTEX_POINT('',#3050);
#3050 = CARTESIAN_POINT('',(10.,216.,143.57));
#3051 = CIRCLE('',#3052,1.3);
#3052 = AXIS2_PLACEMENT_3D('',#3053,#3054,#3055);
#3053 = CARTESIAN_POINT('',(10.,216.,142.27));
#3054 = DIRECTION('',(0.,1.,0.));
#3055 = DIRECTION('',(0.,-0.,1.));
#3056 = FACE_BOUND('',#3057,.F.);
#3057 = EDGE_LOOP('',(#3058));
#3058 = ORIENTED_EDGE('',*,*,#3059,.F.);
#3059 = EDGE_CURVE('',#3060,#3060,#3062,.T.);
#3060 = VERTEX_POINT('',#3061);
#3061 = CARTESIAN_POINT('',(99.495,216.,90.135));
#3062 = CIRCLE('',#3063,4.);
#3063 = AXIS2_PLACEMENT_3D('',#3064,#3065,#3066);
#3064 = CARTESIAN_POINT('',(99.495,216.,86.135));
#3065 = DIRECTION('',(0.,1.,0.));
#3066 = DIRECTION('',(0.,-0.,1.));
#3067 = FACE_BOUND('',#3068,.F.);
#3068 = EDGE_LOOP('',(#3069));
#3069 = ORIENTED_EDGE('',*,*,#3070,.F.);
#3070 = EDGE_CURVE('',#3071,#3071,#3073,.T.);
#3071 = VERTEX_POINT('',#3072);
#3072 = CARTESIAN_POINT('',(127.552,216.,87.735));
#3073 = CIRCLE('',#3074,1.6);
#3074 = AXIS2_PLACEMENT_3D('',#3075,#3076,#3077);
#3075 = CARTESIAN_POINT('',(127.552,216.,86.135));
#3076 = DIRECTION('',(0.,1.,0.));
#3077 = DIRECTION('',(0.,-0.,1.));
#3078 = FACE_BOUND('',#3079,.F.);
#3079 = EDGE_LOOP('',(#3080));
#3080 = ORIENTED_EDGE('',*,*,#3081,.F.);
#3081 = EDGE_CURVE('',#3082,#3082,#3084,.T.);
#3082 = VERTEX_POINT('',#3083);
#3083 = CARTESIAN_POINT('',(170.9,216.,31.3));
#3084 = CIRCLE('',#3085,1.3);
#3085 = AXIS2_PLACEMENT_3D('',#3086,#3087,#3088);
#3086 = CARTESIAN_POINT('',(170.9,216.,30.));
#3087 = DIRECTION('',(0.,1.,0.));
#3088 = DIRECTION('',(0.,-0.,1.));
#3089 = FACE_BOUND('',#3090,.F.);
#3090 = EDGE_LOOP('',(#3091,#3101,#3109,#3117));
#3091 = ORIENTED_EDGE('',*,*,#3092,.F.);
#3092 = EDGE_CURVE('',#3093,#3095,#3097,.T.);
#3093 = VERTEX_POINT('',#3094);
#3094 = CARTESIAN_POINT('',(132.602,216.,93.635));
#3095 = VERTEX_POINT('',#3096);
#3096 = CARTESIAN_POINT('',(149.602,216.,93.635));
#3097 = LINE('',#3098,#3099);
#3098 = CARTESIAN_POINT('',(66.301,216.,93.635));
#3099 = VECTOR('',#3100,1.);
#3100 = DIRECTION('',(1.,0.,-0.));
#3101 = ORIENTED_EDGE('',*,*,#3102,.T.);
#3102 = EDGE_CURVE('',#3093,#3103,#3105,.T.);
#3103 = VERTEX_POINT('',#3104);
#3104 = CARTESIAN_POINT('',(132.602,216.,78.635));
#3105 = LINE('',#3106,#3107);
#3106 = CARTESIAN_POINT('',(132.602,216.,39.3175));
#3107 = VECTOR('',#3108,1.);
#3108 = DIRECTION('',(-0.,0.,-1.));
#3109 = ORIENTED_EDGE('',*,*,#3110,.T.);
#3110 = EDGE_CURVE('',#3103,#3111,#3113,.T.);
#3111 = VERTEX_POINT('',#3112);
#3112 = CARTESIAN_POINT('',(149.602,216.,78.635));
#3113 = LINE('',#3114,#3115);
#3114 = CARTESIAN_POINT('',(66.301,216.,78.635));
#3115 = VECTOR('',#3116,1.);
#3116 = DIRECTION('',(1.,0.,-0.));
#3117 = ORIENTED_EDGE('',*,*,#3118,.F.);
#3118 = EDGE_CURVE('',#3095,#3111,#3119,.T.);
#3119 = LINE('',#3120,#3121);
#3120 = CARTESIAN_POINT('',(149.602,216.,39.3175));
#3121 = VECTOR('',#3122,1.);
#3122 = DIRECTION('',(-0.,0.,-1.));
#3123 = FACE_BOUND('',#3124,.F.);
#3124 = EDGE_LOOP('',(#3125));
#3125 = ORIENTED_EDGE('',*,*,#3126,.F.);
#3126 = EDGE_CURVE('',#3127,#3127,#3129,.T.);
#3127 = VERTEX_POINT('',#3128);
#3128 = CARTESIAN_POINT('',(154.652,216.,87.735));
#3129 = CIRCLE('',#3130,1.6);
#3130 = AXIS2_PLACEMENT_3D('',#3131,#3132,#3133);
#3131 = CARTESIAN_POINT('',(154.652,216.,86.135));
#3132 = DIRECTION('',(0.,1.,0.));
#3133 = DIRECTION('',(0.,-0.,1.));
#3134 = FACE_BOUND('',#3135,.F.);
#3135 = EDGE_LOOP('',(#3136));
#3136 = ORIENTED_EDGE('',*,*,#3137,.F.);
#3137 = EDGE_CURVE('',#3138,#3138,#3140,.T.);
#3138 = VERTEX_POINT('',#3139);
#3139 = CARTESIAN_POINT('',(170.9,216.,87.435));
#3140 = CIRCLE('',#3141,1.3);
#3141 = AXIS2_PLACEMENT_3D('',#3142,#3143,#3144);
#3142 = CARTESIAN_POINT('',(170.9,216.,86.135));
#3143 = DIRECTION('',(0.,1.,0.));
#3144 = DIRECTION('',(0.,-0.,1.));
#3145 = FACE_BOUND('',#3146,.F.);
#3146 = EDGE_LOOP('',(#3147));
#3147 = ORIENTED_EDGE('',*,*,#3148,.F.);
#3148 = EDGE_CURVE('',#3149,#3149,#3151,.T.);
#3149 = VERTEX_POINT('',#3150);
#3150 = CARTESIAN_POINT('',(170.9,216.,143.57));
#3151 = CIRCLE('',#3152,1.3);
#3152 = AXIS2_PLACEMENT_3D('',#3153,#3154,#3155);
#3153 = CARTESIAN_POINT('',(170.9,216.,142.27));
#3154 = DIRECTION('',(0.,1.,0.));
#3155 = DIRECTION('',(0.,-0.,1.));
#3156 = PLANE('',#3157);
#3157 = AXIS2_PLACEMENT_3D('',#3158,#3159,#3160);
#3158 = CARTESIAN_POINT('',(0.,216.,0.));
#3159 = DIRECTION('',(-0.,1.,0.));
#3160 = DIRECTION('',(0.,0.,1.));
#3161 = ADVANCED_FACE('',(#3162),#3180,.T.);
#3162 = FACE_BOUND('',#3163,.T.);
#3163 = EDGE_LOOP('',(#3164,#3165,#3166,#3174));
#3164 = ORIENTED_EDGE('',*,*,#2931,.F.);
#3165 = ORIENTED_EDGE('',*,*,#2954,.T.);
#3166 = ORIENTED_EDGE('',*,*,#3167,.T.);
#3167 = EDGE_CURVE('',#2955,#3168,#3170,.T.);
#3168 = VERTEX_POINT('',#3169);
#3169 = CARTESIAN_POINT('',(180.9,218.,172.27));
#3170 = LINE('',#3171,#3172);
#3171 = CARTESIAN_POINT('',(180.9,216.,172.27));
#3172 = VECTOR('',#3173,1.);
#3173 = DIRECTION('',(-0.,1.,0.));
#3174 = ORIENTED_EDGE('',*,*,#3175,.F.);
#3175 = EDGE_CURVE('',#2924,#3168,#3176,.T.);
#3176 = LINE('',#3177,#3178);
#3177 = CARTESIAN_POINT('',(0.,218.,172.27));
#3178 = VECTOR('',#3179,1.);
#3179 = DIRECTION('',(1.,0.,-0.));
#3180 = PLANE('',#3181);
#3181 = AXIS2_PLACEMENT_3D('',#3182,#3183,#3184);
#3182 = CARTESIAN_POINT('',(0.,216.,172.27));
#3183 = DIRECTION('',(0.,0.,1.));
#3184 = DIRECTION('',(1.,0.,-0.));
#3185 = ADVANCED_FACE('',(#3186,#3204,#3215,#3226,#3237,#3271,#3282,
    #3293,#3304,#3315,#3326,#3360,#3371,#3382),#3393,.T.);
#3186 = FACE_BOUND('',#3187,.T.);
#3187 = EDGE_LOOP('',(#3188,#3196,#3197,#3198));
#3188 = ORIENTED_EDGE('',*,*,#3189,.F.);
#3189 = EDGE_CURVE('',#2916,#3190,#3192,.T.);
#3190 = VERTEX_POINT('',#3191);
#3191 = CARTESIAN_POINT('',(180.9,218.,0.));
#3192 = LINE('',#3193,#3194);
#3193 = CARTESIAN_POINT('',(0.,218.,0.));
#3194 = VECTOR('',#3195,1.);
#3195 = DIRECTION('',(1.,0.,-0.));
#3196 = ORIENTED_EDGE('',*,*,#2923,.T.);
#3197 = ORIENTED_EDGE('',*,*,#3175,.T.);
#3198 = ORIENTED_EDGE('',*,*,#3199,.F.);
#3199 = EDGE_CURVE('',#3190,#3168,#3200,.T.);
#3200 = LINE('',#3201,#3202);
#3201 = CARTESIAN_POINT('',(180.9,218.,0.));
#3202 = VECTOR('',#3203,1.);
#3203 = DIRECTION('',(0.,0.,1.));
#3204 = FACE_BOUND('',#3205,.T.);
#3205 = EDGE_LOOP('',(#3206));
#3206 = ORIENTED_EDGE('',*,*,#3207,.F.);
#3207 = EDGE_CURVE('',#3208,#3208,#3210,.T.);
#3208 = VERTEX_POINT('',#3209);
#3209 = CARTESIAN_POINT('',(10.,218.,31.3));
#3210 = CIRCLE('',#3211,1.3);
#3211 = AXIS2_PLACEMENT_3D('',#3212,#3213,#3214);
#3212 = CARTESIAN_POINT('',(10.,218.,30.));
#3213 = DIRECTION('',(0.,1.,0.));
#3214 = DIRECTION('',(0.,-0.,1.));
#3215 = FACE_BOUND('',#3216,.T.);
#3216 = EDGE_LOOP('',(#3217));
#3217 = ORIENTED_EDGE('',*,*,#3218,.F.);
#3218 = EDGE_CURVE('',#3219,#3219,#3221,.T.);
#3219 = VERTEX_POINT('',#3220);
#3220 = CARTESIAN_POINT('',(10.,218.,87.435));
#3221 = CIRCLE('',#3222,1.3);
#3222 = AXIS2_PLACEMENT_3D('',#3223,#3224,#3225);
#3223 = CARTESIAN_POINT('',(10.,218.,86.135));
#3224 = DIRECTION('',(0.,1.,0.));
#3225 = DIRECTION('',(0.,-0.,1.));
#3226 = FACE_BOUND('',#3227,.T.);
#3227 = EDGE_LOOP('',(#3228));
#3228 = ORIENTED_EDGE('',*,*,#3229,.F.);
#3229 = EDGE_CURVE('',#3230,#3230,#3232,.T.);
#3230 = VERTEX_POINT('',#3231);
#3231 = CARTESIAN_POINT('',(36.652,218.,87.735));
#3232 = CIRCLE('',#3233,1.6);
#3233 = AXIS2_PLACEMENT_3D('',#3234,#3235,#3236);
#3234 = CARTESIAN_POINT('',(36.652,218.,86.135));
#3235 = DIRECTION('',(0.,1.,0.));
#3236 = DIRECTION('',(0.,-0.,1.));
#3237 = FACE_BOUND('',#3238,.T.);
#3238 = EDGE_LOOP('',(#3239,#3249,#3257,#3265));
#3239 = ORIENTED_EDGE('',*,*,#3240,.F.);
#3240 = EDGE_CURVE('',#3241,#3243,#3245,.T.);
#3241 = VERTEX_POINT('',#3242);
#3242 = CARTESIAN_POINT('',(43.652,218.,94.135));
#3243 = VERTEX_POINT('',#3244);
#3244 = CARTESIAN_POINT('',(57.652,218.,94.135));
#3245 = LINE('',#3246,#3247);
#3246 = CARTESIAN_POINT('',(21.826,218.,94.135));
#3247 = VECTOR('',#3248,1.);
#3248 = DIRECTION('',(1.,0.,-0.));
#3249 = ORIENTED_EDGE('',*,*,#3250,.T.);
#3250 = EDGE_CURVE('',#3241,#3251,#3253,.T.);
#3251 = VERTEX_POINT('',#3252);
#3252 = CARTESIAN_POINT('',(43.652,218.,78.135));
#3253 = LINE('',#3254,#3255);
#3254 = CARTESIAN_POINT('',(43.652,218.,39.0675));
#3255 = VECTOR('',#3256,1.);
#3256 = DIRECTION('',(-0.,0.,-1.));
#3257 = ORIENTED_EDGE('',*,*,#3258,.T.);
#3258 = EDGE_CURVE('',#3251,#3259,#3261,.T.);
#3259 = VERTEX_POINT('',#3260);
#3260 = CARTESIAN_POINT('',(57.652,218.,78.135));
#3261 = LINE('',#3262,#3263);
#3262 = CARTESIAN_POINT('',(21.826,218.,78.135));
#3263 = VECTOR('',#3264,1.);
#3264 = DIRECTION('',(1.,0.,-0.));
#3265 = ORIENTED_EDGE('',*,*,#3266,.F.);
#3266 = EDGE_CURVE('',#3243,#3259,#3267,.T.);
#3267 = LINE('',#3268,#3269);
#3268 = CARTESIAN_POINT('',(57.652,218.,39.0675));
#3269 = VECTOR('',#3270,1.);
#3270 = DIRECTION('',(-0.,0.,-1.));
#3271 = FACE_BOUND('',#3272,.T.);
#3272 = EDGE_LOOP('',(#3273));
#3273 = ORIENTED_EDGE('',*,*,#3274,.F.);
#3274 = EDGE_CURVE('',#3275,#3275,#3277,.T.);
#3275 = VERTEX_POINT('',#3276);
#3276 = CARTESIAN_POINT('',(64.652,218.,87.735));
#3277 = CIRCLE('',#3278,1.6);
#3278 = AXIS2_PLACEMENT_3D('',#3279,#3280,#3281);
#3279 = CARTESIAN_POINT('',(64.652,218.,86.135));
#3280 = DIRECTION('',(0.,1.,0.));
#3281 = DIRECTION('',(0.,-0.,1.));
#3282 = FACE_BOUND('',#3283,.T.);
#3283 = EDGE_LOOP('',(#3284));
#3284 = ORIENTED_EDGE('',*,*,#3285,.F.);
#3285 = EDGE_CURVE('',#3286,#3286,#3288,.T.);
#3286 = VERTEX_POINT('',#3287);
#3287 = CARTESIAN_POINT('',(10.,218.,143.57));
#3288 = CIRCLE('',#3289,1.3);
#3289 = AXIS2_PLACEMENT_3D('',#3290,#3291,#3292);
#3290 = CARTESIAN_POINT('',(10.,218.,142.27));
#3291 = DIRECTION('',(0.,1.,0.));
#3292 = DIRECTION('',(0.,-0.,1.));
#3293 = FACE_BOUND('',#3294,.T.);
#3294 = EDGE_LOOP('',(#3295));
#3295 = ORIENTED_EDGE('',*,*,#3296,.F.);
#3296 = EDGE_CURVE('',#3297,#3297,#3299,.T.);
#3297 = VERTEX_POINT('',#3298);
#3298 = CARTESIAN_POINT('',(99.495,218.,90.135));
#3299 = CIRCLE('',#3300,4.);
#3300 = AXIS2_PLACEMENT_3D('',#3301,#3302,#3303);
#3301 = CARTESIAN_POINT('',(99.495,218.,86.135));
#3302 = DIRECTION('',(0.,1.,0.));
#3303 = DIRECTION('',(0.,-0.,1.));
#3304 = FACE_BOUND('',#3305,.T.);
#3305 = EDGE_LOOP('',(#3306));
#3306 = ORIENTED_EDGE('',*,*,#3307,.F.);
#3307 = EDGE_CURVE('',#3308,#3308,#3310,.T.);
#3308 = VERTEX_POINT('',#3309);
#3309 = CARTESIAN_POINT('',(127.552,218.,87.735));
#3310 = CIRCLE('',#3311,1.6);
#3311 = AXIS2_PLACEMENT_3D('',#3312,#3313,#3314);
#3312 = CARTESIAN_POINT('',(127.552,218.,86.135));
#3313 = DIRECTION('',(0.,1.,0.));
#3314 = DIRECTION('',(0.,-0.,1.));
#3315 = FACE_BOUND('',#3316,.T.);
#3316 = EDGE_LOOP('',(#3317));
#3317 = ORIENTED_EDGE('',*,*,#3318,.F.);
#3318 = EDGE_CURVE('',#3319,#3319,#3321,.T.);
#3319 = VERTEX_POINT('',#3320);
#3320 = CARTESIAN_POINT('',(170.9,218.,31.3));
#3321 = CIRCLE('',#3322,1.3);
#3322 = AXIS2_PLACEMENT_3D('',#3323,#3324,#3325);
#3323 = CARTESIAN_POINT('',(170.9,218.,30.));
#3324 = DIRECTION('',(0.,1.,0.));
#3325 = DIRECTION('',(0.,-0.,1.));
#3326 = FACE_BOUND('',#3327,.T.);
#3327 = EDGE_LOOP('',(#3328,#3338,#3346,#3354));
#3328 = ORIENTED_EDGE('',*,*,#3329,.F.);
#3329 = EDGE_CURVE('',#3330,#3332,#3334,.T.);
#3330 = VERTEX_POINT('',#3331);
#3331 = CARTESIAN_POINT('',(132.602,218.,93.635));
#3332 = VERTEX_POINT('',#3333);
#3333 = CARTESIAN_POINT('',(149.602,218.,93.635));
#3334 = LINE('',#3335,#3336);
#3335 = CARTESIAN_POINT('',(66.301,218.,93.635));
#3336 = VECTOR('',#3337,1.);
#3337 = DIRECTION('',(1.,0.,-0.));
#3338 = ORIENTED_EDGE('',*,*,#3339,.T.);
#3339 = EDGE_CURVE('',#3330,#3340,#3342,.T.);
#3340 = VERTEX_POINT('',#3341);
#3341 = CARTESIAN_POINT('',(132.602,218.,78.635));
#3342 = LINE('',#3343,#3344);
#3343 = CARTESIAN_POINT('',(132.602,218.,39.3175));
#3344 = VECTOR('',#3345,1.);
#3345 = DIRECTION('',(-0.,0.,-1.));
#3346 = ORIENTED_EDGE('',*,*,#3347,.T.);
#3347 = EDGE_CURVE('',#3340,#3348,#3350,.T.);
#3348 = VERTEX_POINT('',#3349);
#3349 = CARTESIAN_POINT('',(149.602,218.,78.635));
#3350 = LINE('',#3351,#3352);
#3351 = CARTESIAN_POINT('',(66.301,218.,78.635));
#3352 = VECTOR('',#3353,1.);
#3353 = DIRECTION('',(1.,0.,-0.));
#3354 = ORIENTED_EDGE('',*,*,#3355,.F.);
#3355 = EDGE_CURVE('',#3332,#3348,#3356,.T.);
#3356 = LINE('',#3357,#3358);
#3357 = CARTESIAN_POINT('',(149.602,218.,39.3175));
#3358 = VECTOR('',#3359,1.);
#3359 = DIRECTION('',(-0.,0.,-1.));
#3360 = FACE_BOUND('',#3361,.T.);
#3361 = EDGE_LOOP('',(#3362));
#3362 = ORIENTED_EDGE('',*,*,#3363,.F.);
#3363 = EDGE_CURVE('',#3364,#3364,#3366,.T.);
#3364 = VERTEX_POINT('',#3365);
#3365 = CARTESIAN_POINT('',(154.652,218.,87.735));
#3366 = CIRCLE('',#3367,1.6);
#3367 = AXIS2_PLACEMENT_3D('',#3368,#3369,#3370);
#3368 = CARTESIAN_POINT('',(154.652,218.,86.135));
#3369 = DIRECTION('',(0.,1.,0.));
#3370 = DIRECTION('',(0.,-0.,1.));
#3371 = FACE_BOUND('',#3372,.T.);
#3372 = EDGE_LOOP('',(#3373));
#3373 = ORIENTED_EDGE('',*,*,#3374,.F.);
#3374 = EDGE_CURVE('',#3375,#3375,#3377,.T.);
#3375 = VERTEX_POINT('',#3376);
#3376 = CARTESIAN_POINT('',(170.9,218.,87.435));
#3377 = CIRCLE('',#3378,1.3);
#3378 = AXIS2_PLACEMENT_3D('',#3379,#3380,#3381);
#3379 = CARTESIAN_POINT('',(170.9,218.,86.135));
#3380 = DIRECTION('',(0.,1.,0.));
#3381 = DIRECTION('',(0.,-0.,1.));
#3382 = FACE_BOUND('',#3383,.T.);
#3383 = EDGE_LOOP('',(#3384));
#3384 = ORIENTED_EDGE('',*,*,#3385,.F.);
#3385 = EDGE_CURVE('',#3386,#3386,#3388,.T.);
#3386 = VERTEX_POINT('',#3387);
#3387 = CARTESIAN_POINT('',(170.9,218.,143.57));
#3388 = CIRCLE('',#3389,1.3);
#3389 = AXIS2_PLACEMENT_3D('',#3390,#3391,#3392);
#3390 = CARTESIAN_POINT('',(170.9,218.,142.27));
#3391 = DIRECTION('',(0.,1.,0.));
#3392 = DIRECTION('',(0.,-0.,1.));
#3393 = PLANE('',#3394);
#3394 = AXIS2_PLACEMENT_3D('',#3395,#3396,#3397);
#3395 = CARTESIAN_POINT('',(0.,218.,0.));
#3396 = DIRECTION('',(-0.,1.,0.));
#3397 = DIRECTION('',(0.,0.,1.));
#3398 = ADVANCED_FACE('',(#3399),#3410,.F.);
#3399 = FACE_BOUND('',#3400,.F.);
#3400 = EDGE_LOOP('',(#3401,#3402,#3403,#3409));
#3401 = ORIENTED_EDGE('',*,*,#2915,.F.);
#3402 = ORIENTED_EDGE('',*,*,#2945,.T.);
#3403 = ORIENTED_EDGE('',*,*,#3404,.T.);
#3404 = EDGE_CURVE('',#2946,#3190,#3405,.T.);
#3405 = LINE('',#3406,#3407);
#3406 = CARTESIAN_POINT('',(180.9,216.,0.));
#3407 = VECTOR('',#3408,1.);
#3408 = DIRECTION('',(-0.,1.,0.));
#3409 = ORIENTED_EDGE('',*,*,#3189,.F.);
#3410 = PLANE('',#3411);
#3411 = AXIS2_PLACEMENT_3D('',#3412,#3413,#3414);
#3412 = CARTESIAN_POINT('',(0.,216.,0.));
#3413 = DIRECTION('',(0.,0.,1.));
#3414 = DIRECTION('',(1.,0.,-0.));
#3415 = ADVANCED_FACE('',(#3416),#3422,.T.);
#3416 = FACE_BOUND('',#3417,.T.);
#3417 = EDGE_LOOP('',(#3418,#3419,#3420,#3421));
#3418 = ORIENTED_EDGE('',*,*,#2962,.F.);
#3419 = ORIENTED_EDGE('',*,*,#3404,.T.);
#3420 = ORIENTED_EDGE('',*,*,#3199,.T.);
#3421 = ORIENTED_EDGE('',*,*,#3167,.F.);
#3422 = PLANE('',#3423);
#3423 = AXIS2_PLACEMENT_3D('',#3424,#3425,#3426);
#3424 = CARTESIAN_POINT('',(180.9,216.,0.));
#3425 = DIRECTION('',(1.,0.,-0.));
#3426 = DIRECTION('',(0.,0.,1.));
#3427 = ADVANCED_FACE('',(#3428),#3439,.F.);
#3428 = FACE_BOUND('',#3429,.F.);
#3429 = EDGE_LOOP('',(#3430,#3431,#3437,#3438));
#3430 = ORIENTED_EDGE('',*,*,#3207,.F.);
#3431 = ORIENTED_EDGE('',*,*,#3432,.F.);
#3432 = EDGE_CURVE('',#2971,#3208,#3433,.T.);
#3433 = LINE('',#3434,#3435);
#3434 = CARTESIAN_POINT('',(10.,215.,31.3));
#3435 = VECTOR('',#3436,1.);
#3436 = DIRECTION('',(0.,1.,0.));
#3437 = ORIENTED_EDGE('',*,*,#2970,.T.);
#3438 = ORIENTED_EDGE('',*,*,#3432,.T.);
#3439 = CYLINDRICAL_SURFACE('',#3440,1.3);
#3440 = AXIS2_PLACEMENT_3D('',#3441,#3442,#3443);
#3441 = CARTESIAN_POINT('',(10.,215.,30.));
#3442 = DIRECTION('',(0.,1.,0.));
#3443 = DIRECTION('',(0.,-0.,1.));
#3444 = ADVANCED_FACE('',(#3445),#3456,.F.);
#3445 = FACE_BOUND('',#3446,.F.);
#3446 = EDGE_LOOP('',(#3447,#3448,#3454,#3455));
#3447 = ORIENTED_EDGE('',*,*,#3218,.F.);
#3448 = ORIENTED_EDGE('',*,*,#3449,.F.);
#3449 = EDGE_CURVE('',#2982,#3219,#3450,.T.);
#3450 = LINE('',#3451,#3452);
#3451 = CARTESIAN_POINT('',(10.,215.,87.435));
#3452 = VECTOR('',#3453,1.);
#3453 = DIRECTION('',(0.,1.,0.));
#3454 = ORIENTED_EDGE('',*,*,#2981,.T.);
#3455 = ORIENTED_EDGE('',*,*,#3449,.T.);
#3456 = CYLINDRICAL_SURFACE('',#3457,1.3);
#3457 = AXIS2_PLACEMENT_3D('',#3458,#3459,#3460);
#3458 = CARTESIAN_POINT('',(10.,215.,86.135));
#3459 = DIRECTION('',(0.,1.,0.));
#3460 = DIRECTION('',(0.,-0.,1.));
#3461 = ADVANCED_FACE('',(#3462),#3473,.F.);
#3462 = FACE_BOUND('',#3463,.F.);
#3463 = EDGE_LOOP('',(#3464,#3465,#3471,#3472));
#3464 = ORIENTED_EDGE('',*,*,#3229,.F.);
#3465 = ORIENTED_EDGE('',*,*,#3466,.F.);
#3466 = EDGE_CURVE('',#2993,#3230,#3467,.T.);
#3467 = LINE('',#3468,#3469);
#3468 = CARTESIAN_POINT('',(36.652,215.,87.735));
#3469 = VECTOR('',#3470,1.);
#3470 = DIRECTION('',(0.,1.,0.));
#3471 = ORIENTED_EDGE('',*,*,#2992,.T.);
#3472 = ORIENTED_EDGE('',*,*,#3466,.T.);
#3473 = CYLINDRICAL_SURFACE('',#3474,1.6);
#3474 = AXIS2_PLACEMENT_3D('',#3475,#3476,#3477);
#3475 = CARTESIAN_POINT('',(36.652,215.,86.135));
#3476 = DIRECTION('',(0.,1.,0.));
#3477 = DIRECTION('',(0.,-0.,1.));
#3478 = ADVANCED_FACE('',(#3479),#3495,.F.);
#3479 = FACE_BOUND('',#3480,.F.);
#3480 = EDGE_LOOP('',(#3481,#3487,#3488,#3494));
#3481 = ORIENTED_EDGE('',*,*,#3482,.F.);
#3482 = EDGE_CURVE('',#3004,#3241,#3483,.T.);
#3483 = LINE('',#3484,#3485);
#3484 = CARTESIAN_POINT('',(43.652,215.,94.135));
#3485 = VECTOR('',#3486,1.);
#3486 = DIRECTION('',(-0.,1.,0.));
#3487 = ORIENTED_EDGE('',*,*,#3003,.T.);
#3488 = ORIENTED_EDGE('',*,*,#3489,.T.);
#3489 = EDGE_CURVE('',#3006,#3243,#3490,.T.);
#3490 = LINE('',#3491,#3492);
#3491 = CARTESIAN_POINT('',(57.652,215.,94.135));
#3492 = VECTOR('',#3493,1.);
#3493 = DIRECTION('',(-0.,1.,0.));
#3494 = ORIENTED_EDGE('',*,*,#3240,.F.);
#3495 = PLANE('',#3496);
#3496 = AXIS2_PLACEMENT_3D('',#3497,#3498,#3499);
#3497 = CARTESIAN_POINT('',(43.652,215.,94.135));
#3498 = DIRECTION('',(0.,0.,1.));
#3499 = DIRECTION('',(1.,0.,-0.));
#3500 = ADVANCED_FACE('',(#3501),#3512,.T.);
#3501 = FACE_BOUND('',#3502,.T.);
#3502 = EDGE_LOOP('',(#3503,#3504,#3505,#3511));
#3503 = ORIENTED_EDGE('',*,*,#3482,.F.);
#3504 = ORIENTED_EDGE('',*,*,#3013,.T.);
#3505 = ORIENTED_EDGE('',*,*,#3506,.T.);
#3506 = EDGE_CURVE('',#3014,#3251,#3507,.T.);
#3507 = LINE('',#3508,#3509);
#3508 = CARTESIAN_POINT('',(43.652,215.,78.135));
#3509 = VECTOR('',#3510,1.);
#3510 = DIRECTION('',(-0.,1.,0.));
#3511 = ORIENTED_EDGE('',*,*,#3250,.F.);
#3512 = PLANE('',#3513);
#3513 = AXIS2_PLACEMENT_3D('',#3514,#3515,#3516);
#3514 = CARTESIAN_POINT('',(43.652,215.,78.135));
#3515 = DIRECTION('',(1.,0.,-0.));
#3516 = DIRECTION('',(0.,0.,1.));
#3517 = ADVANCED_FACE('',(#3518),#3529,.F.);
#3518 = FACE_BOUND('',#3519,.F.);
#3519 = EDGE_LOOP('',(#3520,#3521,#3522,#3528));
#3520 = ORIENTED_EDGE('',*,*,#3489,.F.);
#3521 = ORIENTED_EDGE('',*,*,#3029,.T.);
#3522 = ORIENTED_EDGE('',*,*,#3523,.T.);
#3523 = EDGE_CURVE('',#3022,#3259,#3524,.T.);
#3524 = LINE('',#3525,#3526);
#3525 = CARTESIAN_POINT('',(57.652,215.,78.135));
#3526 = VECTOR('',#3527,1.);
#3527 = DIRECTION('',(-0.,1.,0.));
#3528 = ORIENTED_EDGE('',*,*,#3266,.F.);
#3529 = PLANE('',#3530);
#3530 = AXIS2_PLACEMENT_3D('',#3531,#3532,#3533);
#3531 = CARTESIAN_POINT('',(57.652,215.,78.135));
#3532 = DIRECTION('',(1.,0.,-0.));
#3533 = DIRECTION('',(0.,0.,1.));
#3534 = ADVANCED_FACE('',(#3535),#3541,.T.);
#3535 = FACE_BOUND('',#3536,.T.);
#3536 = EDGE_LOOP('',(#3537,#3538,#3539,#3540));
#3537 = ORIENTED_EDGE('',*,*,#3506,.F.);
#3538 = ORIENTED_EDGE('',*,*,#3021,.T.);
#3539 = ORIENTED_EDGE('',*,*,#3523,.T.);
#3540 = ORIENTED_EDGE('',*,*,#3258,.F.);
#3541 = PLANE('',#3542);
#3542 = AXIS2_PLACEMENT_3D('',#3543,#3544,#3545);
#3543 = CARTESIAN_POINT('',(43.652,215.,78.135));
#3544 = DIRECTION('',(0.,0.,1.));
#3545 = DIRECTION('',(1.,0.,-0.));
#3546 = ADVANCED_FACE('',(#3547),#3558,.F.);
#3547 = FACE_BOUND('',#3548,.F.);
#3548 = EDGE_LOOP('',(#3549,#3550,#3556,#3557));
#3549 = ORIENTED_EDGE('',*,*,#3274,.F.);
#3550 = ORIENTED_EDGE('',*,*,#3551,.F.);
#3551 = EDGE_CURVE('',#3038,#3275,#3552,.T.);
#3552 = LINE('',#3553,#3554);
#3553 = CARTESIAN_POINT('',(64.652,215.,87.735));
#3554 = VECTOR('',#3555,1.);
#3555 = DIRECTION('',(0.,1.,0.));
#3556 = ORIENTED_EDGE('',*,*,#3037,.T.);
#3557 = ORIENTED_EDGE('',*,*,#3551,.T.);
#3558 = CYLINDRICAL_SURFACE('',#3559,1.6);
#3559 = AXIS2_PLACEMENT_3D('',#3560,#3561,#3562);
#3560 = CARTESIAN_POINT('',(64.652,215.,86.135));
#3561 = DIRECTION('',(0.,1.,0.));
#3562 = DIRECTION('',(0.,-0.,1.));
#3563 = ADVANCED_FACE('',(#3564),#3575,.F.);
#3564 = FACE_BOUND('',#3565,.F.);
#3565 = EDGE_LOOP('',(#3566,#3567,#3573,#3574));
#3566 = ORIENTED_EDGE('',*,*,#3285,.F.);
#3567 = ORIENTED_EDGE('',*,*,#3568,.F.);
#3568 = EDGE_CURVE('',#3049,#3286,#3569,.T.);
#3569 = LINE('',#3570,#3571);
#3570 = CARTESIAN_POINT('',(10.,215.,143.57));
#3571 = VECTOR('',#3572,1.);
#3572 = DIRECTION('',(0.,1.,0.));
#3573 = ORIENTED_EDGE('',*,*,#3048,.T.);
#3574 = ORIENTED_EDGE('',*,*,#3568,.T.);
#3575 = CYLINDRICAL_SURFACE('',#3576,1.3);
#3576 = AXIS2_PLACEMENT_3D('',#3577,#3578,#3579);
#3577 = CARTESIAN_POINT('',(10.,215.,142.27));
#3578 = DIRECTION('',(0.,1.,0.));
#3579 = DIRECTION('',(0.,-0.,1.));
#3580 = ADVANCED_FACE('',(#3581),#3592,.F.);
#3581 = FACE_BOUND('',#3582,.F.);
#3582 = EDGE_LOOP('',(#3583,#3584,#3590,#3591));
#3583 = ORIENTED_EDGE('',*,*,#3296,.F.);
#3584 = ORIENTED_EDGE('',*,*,#3585,.F.);
#3585 = EDGE_CURVE('',#3060,#3297,#3586,.T.);
#3586 = LINE('',#3587,#3588);
#3587 = CARTESIAN_POINT('',(99.495,215.,90.135));
#3588 = VECTOR('',#3589,1.);
#3589 = DIRECTION('',(0.,1.,0.));
#3590 = ORIENTED_EDGE('',*,*,#3059,.T.);
#3591 = ORIENTED_EDGE('',*,*,#3585,.T.);
#3592 = CYLINDRICAL_SURFACE('',#3593,4.);
#3593 = AXIS2_PLACEMENT_3D('',#3594,#3595,#3596);
#3594 = CARTESIAN_POINT('',(99.495,215.,86.135));
#3595 = DIRECTION('',(0.,1.,0.));
#3596 = DIRECTION('',(0.,-0.,1.));
#3597 = ADVANCED_FACE('',(#3598),#3609,.F.);
#3598 = FACE_BOUND('',#3599,.F.);
#3599 = EDGE_LOOP('',(#3600,#3601,#3607,#3608));
#3600 = ORIENTED_EDGE('',*,*,#3307,.F.);
#3601 = ORIENTED_EDGE('',*,*,#3602,.F.);
#3602 = EDGE_CURVE('',#3071,#3308,#3603,.T.);
#3603 = LINE('',#3604,#3605);
#3604 = CARTESIAN_POINT('',(127.552,215.,87.735));
#3605 = VECTOR('',#3606,1.);
#3606 = DIRECTION('',(0.,1.,0.));
#3607 = ORIENTED_EDGE('',*,*,#3070,.T.);
#3608 = ORIENTED_EDGE('',*,*,#3602,.T.);
#3609 = CYLINDRICAL_SURFACE('',#3610,1.6);
#3610 = AXIS2_PLACEMENT_3D('',#3611,#3612,#3613);
#3611 = CARTESIAN_POINT('',(127.552,215.,86.135));
#3612 = DIRECTION('',(0.,1.,0.));
#3613 = DIRECTION('',(0.,-0.,1.));
#3614 = ADVANCED_FACE('',(#3615),#3626,.F.);
#3615 = FACE_BOUND('',#3616,.F.);
#3616 = EDGE_LOOP('',(#3617,#3618,#3624,#3625));
#3617 = ORIENTED_EDGE('',*,*,#3318,.F.);
#3618 = ORIENTED_EDGE('',*,*,#3619,.F.);
#3619 = EDGE_CURVE('',#3082,#3319,#3620,.T.);
#3620 = LINE('',#3621,#3622);
#3621 = CARTESIAN_POINT('',(170.9,215.,31.3));
#3622 = VECTOR('',#3623,1.);
#3623 = DIRECTION('',(0.,1.,0.));
#3624 = ORIENTED_EDGE('',*,*,#3081,.T.);
#3625 = ORIENTED_EDGE('',*,*,#3619,.T.);
#3626 = CYLINDRICAL_SURFACE('',#3627,1.3);
#3627 = AXIS2_PLACEMENT_3D('',#3628,#3629,#3630);
#3628 = CARTESIAN_POINT('',(170.9,215.,30.));
#3629 = DIRECTION('',(0.,1.,0.));
#3630 = DIRECTION('',(0.,-0.,1.));
#3631 = ADVANCED_FACE('',(#3632),#3648,.F.);
#3632 = FACE_BOUND('',#3633,.F.);
#3633 = EDGE_LOOP('',(#3634,#3640,#3641,#3647));
#3634 = ORIENTED_EDGE('',*,*,#3635,.F.);
#3635 = EDGE_CURVE('',#3093,#3330,#3636,.T.);
#3636 = LINE('',#3637,#3638);
#3637 = CARTESIAN_POINT('',(132.602,215.,93.635));
#3638 = VECTOR('',#3639,1.);
#3639 = DIRECTION('',(-0.,1.,0.));
#3640 = ORIENTED_EDGE('',*,*,#3092,.T.);
#3641 = ORIENTED_EDGE('',*,*,#3642,.T.);
#3642 = EDGE_CURVE('',#3095,#3332,#3643,.T.);
#3643 = LINE('',#3644,#3645);
#3644 = CARTESIAN_POINT('',(149.602,215.,93.635));
#3645 = VECTOR('',#3646,1.);
#3646 = DIRECTION('',(-0.,1.,0.));
#3647 = ORIENTED_EDGE('',*,*,#3329,.F.);
#3648 = PLANE('',#3649);
#3649 = AXIS2_PLACEMENT_3D('',#3650,#3651,#3652);
#3650 = CARTESIAN_POINT('',(132.602,215.,93.635));
#3651 = DIRECTION('',(0.,0.,1.));
#3652 = DIRECTION('',(1.,0.,-0.));
#3653 = ADVANCED_FACE('',(#3654),#3665,.T.);
#3654 = FACE_BOUND('',#3655,.T.);
#3655 = EDGE_LOOP('',(#3656,#3657,#3658,#3664));
#3656 = ORIENTED_EDGE('',*,*,#3635,.F.);
#3657 = ORIENTED_EDGE('',*,*,#3102,.T.);
#3658 = ORIENTED_EDGE('',*,*,#3659,.T.);
#3659 = EDGE_CURVE('',#3103,#3340,#3660,.T.);
#3660 = LINE('',#3661,#3662);
#3661 = CARTESIAN_POINT('',(132.602,215.,78.635));
#3662 = VECTOR('',#3663,1.);
#3663 = DIRECTION('',(-0.,1.,0.));
#3664 = ORIENTED_EDGE('',*,*,#3339,.F.);
#3665 = PLANE('',#3666);
#3666 = AXIS2_PLACEMENT_3D('',#3667,#3668,#3669);
#3667 = CARTESIAN_POINT('',(132.602,215.,78.635));
#3668 = DIRECTION('',(1.,0.,-0.));
#3669 = DIRECTION('',(0.,0.,1.));
#3670 = ADVANCED_FACE('',(#3671),#3682,.F.);
#3671 = FACE_BOUND('',#3672,.F.);
#3672 = EDGE_LOOP('',(#3673,#3674,#3675,#3681));
#3673 = ORIENTED_EDGE('',*,*,#3642,.F.);
#3674 = ORIENTED_EDGE('',*,*,#3118,.T.);
#3675 = ORIENTED_EDGE('',*,*,#3676,.T.);
#3676 = EDGE_CURVE('',#3111,#3348,#3677,.T.);
#3677 = LINE('',#3678,#3679);
#3678 = CARTESIAN_POINT('',(149.602,215.,78.635));
#3679 = VECTOR('',#3680,1.);
#3680 = DIRECTION('',(-0.,1.,0.));
#3681 = ORIENTED_EDGE('',*,*,#3355,.F.);
#3682 = PLANE('',#3683);
#3683 = AXIS2_PLACEMENT_3D('',#3684,#3685,#3686);
#3684 = CARTESIAN_POINT('',(149.602,215.,78.635));
#3685 = DIRECTION('',(1.,0.,-0.));
#3686 = DIRECTION('',(0.,0.,1.));
#3687 = ADVANCED_FACE('',(#3688),#3694,.T.);
#3688 = FACE_BOUND('',#3689,.T.);
#3689 = EDGE_LOOP('',(#3690,#3691,#3692,#3693));
#3690 = ORIENTED_EDGE('',*,*,#3659,.F.);
#3691 = ORIENTED_EDGE('',*,*,#3110,.T.);
#3692 = ORIENTED_EDGE('',*,*,#3676,.T.);
#3693 = ORIENTED_EDGE('',*,*,#3347,.F.);
#3694 = PLANE('',#3695);
#3695 = AXIS2_PLACEMENT_3D('',#3696,#3697,#3698);
#3696 = CARTESIAN_POINT('',(132.602,215.,78.635));
#3697 = DIRECTION('',(0.,0.,1.));
#3698 = DIRECTION('',(1.,0.,-0.));
#3699 = ADVANCED_FACE('',(#3700),#3711,.F.);
#3700 = FACE_BOUND('',#3701,.F.);
#3701 = EDGE_LOOP('',(#3702,#3703,#3709,#3710));
#3702 = ORIENTED_EDGE('',*,*,#3363,.F.);
#3703 = ORIENTED_EDGE('',*,*,#3704,.F.);
#3704 = EDGE_CURVE('',#3127,#3364,#3705,.T.);
#3705 = LINE('',#3706,#3707);
#3706 = CARTESIAN_POINT('',(154.652,215.,87.735));
#3707 = VECTOR('',#3708,1.);
#3708 = DIRECTION('',(0.,1.,0.));
#3709 = ORIENTED_EDGE('',*,*,#3126,.T.);
#3710 = ORIENTED_EDGE('',*,*,#3704,.T.);
#3711 = CYLINDRICAL_SURFACE('',#3712,1.6);
#3712 = AXIS2_PLACEMENT_3D('',#3713,#3714,#3715);
#3713 = CARTESIAN_POINT('',(154.652,215.,86.135));
#3714 = DIRECTION('',(0.,1.,0.));
#3715 = DIRECTION('',(0.,-0.,1.));
#3716 = ADVANCED_FACE('',(#3717),#3728,.F.);
#3717 = FACE_BOUND('',#3718,.F.);
#3718 = EDGE_LOOP('',(#3719,#3720,#3726,#3727));
#3719 = ORIENTED_EDGE('',*,*,#3374,.F.);
#3720 = ORIENTED_EDGE('',*,*,#3721,.F.);
#3721 = EDGE_CURVE('',#3138,#3375,#3722,.T.);
#3722 = LINE('',#3723,#3724);
#3723 = CARTESIAN_POINT('',(170.9,215.,87.435));
#3724 = VECTOR('',#3725,1.);
#3725 = DIRECTION('',(0.,1.,0.));
#3726 = ORIENTED_EDGE('',*,*,#3137,.T.);
#3727 = ORIENTED_EDGE('',*,*,#3721,.T.);
#3728 = CYLINDRICAL_SURFACE('',#3729,1.3);
#3729 = AXIS2_PLACEMENT_3D('',#3730,#3731,#3732);
#3730 = CARTESIAN_POINT('',(170.9,215.,86.135));
#3731 = DIRECTION('',(0.,1.,0.));
#3732 = DIRECTION('',(0.,-0.,1.));
#3733 = ADVANCED_FACE('',(#3734),#3745,.F.);
#3734 = FACE_BOUND('',#3735,.F.);
#3735 = EDGE_LOOP('',(#3736,#3737,#3743,#3744));
#3736 = ORIENTED_EDGE('',*,*,#3385,.F.);
#3737 = ORIENTED_EDGE('',*,*,#3738,.F.);
#3738 = EDGE_CURVE('',#3149,#3386,#3739,.T.);
#3739 = LINE('',#3740,#3741);
#3740 = CARTESIAN_POINT('',(170.9,215.,143.57));
#3741 = VECTOR('',#3742,1.);
#3742 = DIRECTION('',(0.,1.,0.));
#3743 = ORIENTED_EDGE('',*,*,#3148,.T.);
#3744 = ORIENTED_EDGE('',*,*,#3738,.T.);
#3745 = CYLINDRICAL_SURFACE('',#3746,1.3);
#3746 = AXIS2_PLACEMENT_3D('',#3747,#3748,#3749);
#3747 = CARTESIAN_POINT('',(170.9,215.,142.27));
#3748 = DIRECTION('',(0.,1.,0.));
#3749 = DIRECTION('',(0.,-0.,1.));
#3750 = MANIFOLD_SOLID_BREP('',#3751);
#3751 = CLOSED_SHELL('',(#3752,#3792,#3845,#3901,#3947,#3996,#4149,#4166
    ,#4183,#4222,#4239,#4278,#4426,#4448,#4465,#4482,#4494,#4516,#4533,
    #4550,#4562,#4584,#4601,#4618,#4630,#4652,#4669,#4686,#4698,#4715));
#3752 = ADVANCED_FACE('',(#3753),#3787,.F.);
#3753 = FACE_BOUND('',#3754,.F.);
#3754 = EDGE_LOOP('',(#3755,#3765,#3773,#3781));
#3755 = ORIENTED_EDGE('',*,*,#3756,.F.);
#3756 = EDGE_CURVE('',#3757,#3759,#3761,.T.);
#3757 = VERTEX_POINT('',#3758);
#3758 = CARTESIAN_POINT('',(2.,21.,9.));
#3759 = VERTEX_POINT('',#3760);
#3760 = CARTESIAN_POINT('',(2.,161.,9.));
#3761 = LINE('',#3762,#3763);
#3762 = CARTESIAN_POINT('',(2.,21.,9.));
#3763 = VECTOR('',#3764,1.);
#3764 = DIRECTION('',(-0.,1.,0.));
#3765 = ORIENTED_EDGE('',*,*,#3766,.T.);
#3766 = EDGE_CURVE('',#3757,#3767,#3769,.T.);
#3767 = VERTEX_POINT('',#3768);
#3768 = CARTESIAN_POINT('',(4.,21.,9.));
#3769 = LINE('',#3770,#3771);
#3770 = CARTESIAN_POINT('',(2.,21.,9.));
#3771 = VECTOR('',#3772,1.);
#3772 = DIRECTION('',(1.,0.,-0.));
#3773 = ORIENTED_EDGE('',*,*,#3774,.T.);
#3774 = EDGE_CURVE('',#3767,#3775,#3777,.T.);
#3775 = VERTEX_POINT('',#3776);
#3776 = CARTESIAN_POINT('',(4.,161.,9.));
#3777 = LINE('',#3778,#3779);
#3778 = CARTESIAN_POINT('',(4.,21.,9.));
#3779 = VECTOR('',#3780,1.);
#3780 = DIRECTION('',(-0.,1.,0.));
#3781 = ORIENTED_EDGE('',*,*,#3782,.F.);
#3782 = EDGE_CURVE('',#3759,#3775,#3783,.T.);
#3783 = LINE('',#3784,#3785);
#3784 = CARTESIAN_POINT('',(2.,161.,9.));
#3785 = VECTOR('',#3786,1.);
#3786 = DIRECTION('',(1.,0.,-0.));
#3787 = PLANE('',#3788);
#3788 = AXIS2_PLACEMENT_3D('',#3789,#3790,#3791);
#3789 = CARTESIAN_POINT('',(2.,21.,9.));
#3790 = DIRECTION('',(0.,0.,1.));
#3791 = DIRECTION('',(1.,0.,-0.));
#3792 = ADVANCED_FACE('',(#3793,#3818,#3829),#3840,.T.);
#3793 = FACE_BOUND('',#3794,.T.);
#3794 = EDGE_LOOP('',(#3795,#3805,#3811,#3812));
#3795 = ORIENTED_EDGE('',*,*,#3796,.T.);
#3796 = EDGE_CURVE('',#3797,#3799,#3801,.T.);
#3797 = VERTEX_POINT('',#3798);
#3798 = CARTESIAN_POINT('',(2.,21.,23.));
#3799 = VERTEX_POINT('',#3800);
#3800 = CARTESIAN_POINT('',(2.,161.,23.));
#3801 = LINE('',#3802,#3803);
#3802 = CARTESIAN_POINT('',(2.,21.,23.));
#3803 = VECTOR('',#3804,1.);
#3804 = DIRECTION('',(-0.,1.,0.));
#3805 = ORIENTED_EDGE('',*,*,#3806,.F.);
#3806 = EDGE_CURVE('',#3759,#3799,#3807,.T.);
#3807 = LINE('',#3808,#3809);
#3808 = CARTESIAN_POINT('',(2.,161.,21.));
#3809 = VECTOR('',#3810,1.);
#3810 = DIRECTION('',(0.,0.,1.));
#3811 = ORIENTED_EDGE('',*,*,#3756,.F.);
#3812 = ORIENTED_EDGE('',*,*,#3813,.T.);
#3813 = EDGE_CURVE('',#3757,#3797,#3814,.T.);
#3814 = LINE('',#3815,#3816);
#3815 = CARTESIAN_POINT('',(2.,21.,9.));
#3816 = VECTOR('',#3817,1.);
#3817 = DIRECTION('',(0.,0.,1.));
#3818 = FACE_BOUND('',#3819,.T.);
#3819 = EDGE_LOOP('',(#3820));
#3820 = ORIENTED_EDGE('',*,*,#3821,.T.);
#3821 = EDGE_CURVE('',#3822,#3822,#3824,.T.);
#3822 = VERTEX_POINT('',#3823);
#3823 = CARTESIAN_POINT('',(2.,136.,14.3));
#3824 = CIRCLE('',#3825,1.3);
#3825 = AXIS2_PLACEMENT_3D('',#3826,#3827,#3828);
#3826 = CARTESIAN_POINT('',(2.,136.,13.));
#3827 = DIRECTION('',(1.,0.,0.));
#3828 = DIRECTION('',(-0.,0.,1.));
#3829 = FACE_BOUND('',#3830,.T.);
#3830 = EDGE_LOOP('',(#3831));
#3831 = ORIENTED_EDGE('',*,*,#3832,.T.);
#3832 = EDGE_CURVE('',#3833,#3833,#3835,.T.);
#3833 = VERTEX_POINT('',#3834);
#3834 = CARTESIAN_POINT('',(2.,46.,14.3));
#3835 = CIRCLE('',#3836,1.3);
#3836 = AXIS2_PLACEMENT_3D('',#3837,#3838,#3839);
#3837 = CARTESIAN_POINT('',(2.,46.,13.));
#3838 = DIRECTION('',(1.,0.,0.));
#3839 = DIRECTION('',(-0.,0.,1.));
#3840 = PLANE('',#3841);
#3841 = AXIS2_PLACEMENT_3D('',#3842,#3843,#3844);
#3842 = CARTESIAN_POINT('',(2.,91.,16.));
#3843 = DIRECTION('',(-1.,-0.,-0.));
#3844 = DIRECTION('',(0.,0.,-1.));
#3845 = ADVANCED_FACE('',(#3846),#3896,.T.);
#3846 = FACE_BOUND('',#3847,.T.);
#3847 = EDGE_LOOP('',(#3848,#3856,#3864,#3872,#3880,#3888,#3894,#3895));
#3848 = ORIENTED_EDGE('',*,*,#3849,.T.);
#3849 = EDGE_CURVE('',#3799,#3850,#3852,.T.);
#3850 = VERTEX_POINT('',#3851);
#3851 = CARTESIAN_POINT('',(178.9,161.,23.));
#3852 = LINE('',#3853,#3854);
#3853 = CARTESIAN_POINT('',(2.,161.,23.));
#3854 = VECTOR('',#3855,1.);
#3855 = DIRECTION('',(1.,0.,-0.));
#3856 = ORIENTED_EDGE('',*,*,#3857,.F.);
#3857 = EDGE_CURVE('',#3858,#3850,#3860,.T.);
#3858 = VERTEX_POINT('',#3859);
#3859 = CARTESIAN_POINT('',(178.9,161.,9.));
#3860 = LINE('',#3861,#3862);
#3861 = CARTESIAN_POINT('',(178.9,161.,21.));
#3862 = VECTOR('',#3863,1.);
#3863 = DIRECTION('',(0.,0.,1.));
#3864 = ORIENTED_EDGE('',*,*,#3865,.F.);
#3865 = EDGE_CURVE('',#3866,#3858,#3868,.T.);
#3866 = VERTEX_POINT('',#3867);
#3867 = CARTESIAN_POINT('',(176.9,161.,9.));
#3868 = LINE('',#3869,#3870);
#3869 = CARTESIAN_POINT('',(176.9,161.,9.));
#3870 = VECTOR('',#3871,1.);
#3871 = DIRECTION('',(1.,0.,-0.));
#3872 = ORIENTED_EDGE('',*,*,#3873,.T.);
#3873 = EDGE_CURVE('',#3866,#3874,#3876,.T.);
#3874 = VERTEX_POINT('',#3875);
#3875 = CARTESIAN_POINT('',(176.9,161.,21.));
#3876 = LINE('',#3877,#3878);
#3877 = CARTESIAN_POINT('',(176.9,161.,9.));
#3878 = VECTOR('',#3879,1.);
#3879 = DIRECTION('',(0.,0.,1.));
#3880 = ORIENTED_EDGE('',*,*,#3881,.F.);
#3881 = EDGE_CURVE('',#3882,#3874,#3884,.T.);
#3882 = VERTEX_POINT('',#3883);
#3883 = CARTESIAN_POINT('',(4.,161.,21.));
#3884 = LINE('',#3885,#3886);
#3885 = CARTESIAN_POINT('',(2.,161.,21.));
#3886 = VECTOR('',#3887,1.);
#3887 = DIRECTION('',(1.,0.,-0.));
#3888 = ORIENTED_EDGE('',*,*,#3889,.F.);
#3889 = EDGE_CURVE('',#3775,#3882,#3890,.T.);
#3890 = LINE('',#3891,#3892);
#3891 = CARTESIAN_POINT('',(4.,161.,9.));
#3892 = VECTOR('',#3893,1.);
#3893 = DIRECTION('',(0.,0.,1.));
#3894 = ORIENTED_EDGE('',*,*,#3782,.F.);
#3895 = ORIENTED_EDGE('',*,*,#3806,.T.);
#3896 = PLANE('',#3897);
#3897 = AXIS2_PLACEMENT_3D('',#3898,#3899,#3900);
#3898 = CARTESIAN_POINT('',(90.45,161.,21.05372104485));
#3899 = DIRECTION('',(0.,1.,0.));
#3900 = DIRECTION('',(0.,-0.,1.));
#3901 = ADVANCED_FACE('',(#3902,#3920,#3931),#3942,.T.);
#3902 = FACE_BOUND('',#3903,.T.);
#3903 = EDGE_LOOP('',(#3904,#3912,#3913,#3914));
#3904 = ORIENTED_EDGE('',*,*,#3905,.F.);
#3905 = EDGE_CURVE('',#3767,#3906,#3908,.T.);
#3906 = VERTEX_POINT('',#3907);
#3907 = CARTESIAN_POINT('',(4.,21.,21.));
#3908 = LINE('',#3909,#3910);
#3909 = CARTESIAN_POINT('',(4.,21.,9.));
#3910 = VECTOR('',#3911,1.);
#3911 = DIRECTION('',(0.,0.,1.));
#3912 = ORIENTED_EDGE('',*,*,#3774,.T.);
#3913 = ORIENTED_EDGE('',*,*,#3889,.T.);
#3914 = ORIENTED_EDGE('',*,*,#3915,.F.);
#3915 = EDGE_CURVE('',#3906,#3882,#3916,.T.);
#3916 = LINE('',#3917,#3918);
#3917 = CARTESIAN_POINT('',(4.,21.,21.));
#3918 = VECTOR('',#3919,1.);
#3919 = DIRECTION('',(-0.,1.,0.));
#3920 = FACE_BOUND('',#3921,.T.);
#3921 = EDGE_LOOP('',(#3922));
#3922 = ORIENTED_EDGE('',*,*,#3923,.F.);
#3923 = EDGE_CURVE('',#3924,#3924,#3926,.T.);
#3924 = VERTEX_POINT('',#3925);
#3925 = CARTESIAN_POINT('',(4.,136.,14.3));
#3926 = CIRCLE('',#3927,1.3);
#3927 = AXIS2_PLACEMENT_3D('',#3928,#3929,#3930);
#3928 = CARTESIAN_POINT('',(4.,136.,13.));
#3929 = DIRECTION('',(1.,0.,0.));
#3930 = DIRECTION('',(-0.,0.,1.));
#3931 = FACE_BOUND('',#3932,.T.);
#3932 = EDGE_LOOP('',(#3933));
#3933 = ORIENTED_EDGE('',*,*,#3934,.F.);
#3934 = EDGE_CURVE('',#3935,#3935,#3937,.T.);
#3935 = VERTEX_POINT('',#3936);
#3936 = CARTESIAN_POINT('',(4.,46.,14.3));
#3937 = CIRCLE('',#3938,1.3);
#3938 = AXIS2_PLACEMENT_3D('',#3939,#3940,#3941);
#3939 = CARTESIAN_POINT('',(4.,46.,13.));
#3940 = DIRECTION('',(1.,0.,0.));
#3941 = DIRECTION('',(-0.,0.,1.));
#3942 = PLANE('',#3943);
#3943 = AXIS2_PLACEMENT_3D('',#3944,#3945,#3946);
#3944 = CARTESIAN_POINT('',(4.,21.,9.));
#3945 = DIRECTION('',(1.,0.,-0.));
#3946 = DIRECTION('',(0.,0.,1.));
#3947 = ADVANCED_FACE('',(#3948),#3991,.T.);
#3948 = FACE_BOUND('',#3949,.T.);
#3949 = EDGE_LOOP('',(#3950,#3951,#3952,#3953,#3961,#3969,#3977,#3985));
#3950 = ORIENTED_EDGE('',*,*,#3813,.F.);
#3951 = ORIENTED_EDGE('',*,*,#3766,.T.);
#3952 = ORIENTED_EDGE('',*,*,#3905,.T.);
#3953 = ORIENTED_EDGE('',*,*,#3954,.T.);
#3954 = EDGE_CURVE('',#3906,#3955,#3957,.T.);
#3955 = VERTEX_POINT('',#3956);
#3956 = CARTESIAN_POINT('',(176.9,21.,21.));
#3957 = LINE('',#3958,#3959);
#3958 = CARTESIAN_POINT('',(2.,21.,21.));
#3959 = VECTOR('',#3960,1.);
#3960 = DIRECTION('',(1.,0.,-0.));
#3961 = ORIENTED_EDGE('',*,*,#3962,.F.);
#3962 = EDGE_CURVE('',#3963,#3955,#3965,.T.);
#3963 = VERTEX_POINT('',#3964);
#3964 = CARTESIAN_POINT('',(176.9,21.,9.));
#3965 = LINE('',#3966,#3967);
#3966 = CARTESIAN_POINT('',(176.9,21.,9.));
#3967 = VECTOR('',#3968,1.);
#3968 = DIRECTION('',(0.,0.,1.));
#3969 = ORIENTED_EDGE('',*,*,#3970,.T.);
#3970 = EDGE_CURVE('',#3963,#3971,#3973,.T.);
#3971 = VERTEX_POINT('',#3972);
#3972 = CARTESIAN_POINT('',(178.9,21.,9.));
#3973 = LINE('',#3974,#3975);
#3974 = CARTESIAN_POINT('',(176.9,21.,9.));
#3975 = VECTOR('',#3976,1.);
#3976 = DIRECTION('',(1.,0.,-0.));
#3977 = ORIENTED_EDGE('',*,*,#3978,.T.);
#3978 = EDGE_CURVE('',#3971,#3979,#3981,.T.);
#3979 = VERTEX_POINT('',#3980);
#3980 = CARTESIAN_POINT('',(178.9,21.,23.));
#3981 = LINE('',#3982,#3983);
#3982 = CARTESIAN_POINT('',(178.9,21.,9.));
#3983 = VECTOR('',#3984,1.);
#3984 = DIRECTION('',(0.,0.,1.));
#3985 = ORIENTED_EDGE('',*,*,#3986,.F.);
#3986 = EDGE_CURVE('',#3797,#3979,#3987,.T.);
#3987 = LINE('',#3988,#3989);
#3988 = CARTESIAN_POINT('',(2.,21.,23.));
#3989 = VECTOR('',#3990,1.);
#3990 = DIRECTION('',(1.,0.,-0.));
#3991 = PLANE('',#3992);
#3992 = AXIS2_PLACEMENT_3D('',#3993,#3994,#3995);
#3993 = CARTESIAN_POINT('',(90.45,21.,21.05372104485));
#3994 = DIRECTION('',(-0.,-1.,-0.));
#3995 = DIRECTION('',(0.,0.,-1.));
#3996 = ADVANCED_FACE('',(#3997,#4008,#4042,#4076,#4110),#4144,.T.);
#3997 = FACE_BOUND('',#3998,.T.);
#3998 = EDGE_LOOP('',(#3999,#4000,#4001,#4007));
#3999 = ORIENTED_EDGE('',*,*,#3796,.F.);
#4000 = ORIENTED_EDGE('',*,*,#3986,.T.);
#4001 = ORIENTED_EDGE('',*,*,#4002,.T.);
#4002 = EDGE_CURVE('',#3979,#3850,#4003,.T.);
#4003 = LINE('',#4004,#4005);
#4004 = CARTESIAN_POINT('',(178.9,21.,23.));
#4005 = VECTOR('',#4006,1.);
#4006 = DIRECTION('',(-0.,1.,0.));
#4007 = ORIENTED_EDGE('',*,*,#3849,.F.);
#4008 = FACE_BOUND('',#4009,.T.);
#4009 = EDGE_LOOP('',(#4010,#4020,#4028,#4036));
#4010 = ORIENTED_EDGE('',*,*,#4011,.T.);
#4011 = EDGE_CURVE('',#4012,#4014,#4016,.T.);
#4012 = VERTEX_POINT('',#4013);
#4013 = CARTESIAN_POINT('',(71.315,29.,23.));
#4014 = VERTEX_POINT('',#4015);
#4015 = CARTESIAN_POINT('',(63.315,29.,23.));
#4016 = LINE('',#4017,#4018);
#4017 = CARTESIAN_POINT('',(32.6575,29.,23.));
#4018 = VECTOR('',#4019,1.);
#4019 = DIRECTION('',(-1.,-0.,0.));
#4020 = ORIENTED_EDGE('',*,*,#4021,.T.);
#4021 = EDGE_CURVE('',#4014,#4022,#4024,.T.);
#4022 = VERTEX_POINT('',#4023);
#4023 = CARTESIAN_POINT('',(63.315,71.,23.));
#4024 = LINE('',#4025,#4026);
#4025 = CARTESIAN_POINT('',(63.315,25.,23.));
#4026 = VECTOR('',#4027,1.);
#4027 = DIRECTION('',(-0.,1.,0.));
#4028 = ORIENTED_EDGE('',*,*,#4029,.F.);
#4029 = EDGE_CURVE('',#4030,#4022,#4032,.T.);
#4030 = VERTEX_POINT('',#4031);
#4031 = CARTESIAN_POINT('',(71.315,71.,23.));
#4032 = LINE('',#4033,#4034);
#4033 = CARTESIAN_POINT('',(32.6575,71.,23.));
#4034 = VECTOR('',#4035,1.);
#4035 = DIRECTION('',(-1.,-0.,0.));
#4036 = ORIENTED_EDGE('',*,*,#4037,.F.);
#4037 = EDGE_CURVE('',#4012,#4030,#4038,.T.);
#4038 = LINE('',#4039,#4040);
#4039 = CARTESIAN_POINT('',(71.315,25.,23.));
#4040 = VECTOR('',#4041,1.);
#4041 = DIRECTION('',(-0.,1.,0.));
#4042 = FACE_BOUND('',#4043,.T.);
#4043 = EDGE_LOOP('',(#4044,#4054,#4062,#4070));
#4044 = ORIENTED_EDGE('',*,*,#4045,.T.);
#4045 = EDGE_CURVE('',#4046,#4048,#4050,.T.);
#4046 = VERTEX_POINT('',#4047);
#4047 = CARTESIAN_POINT('',(87.315,29.,23.));
#4048 = VERTEX_POINT('',#4049);
#4049 = CARTESIAN_POINT('',(79.315,29.,23.));
#4050 = LINE('',#4051,#4052);
#4051 = CARTESIAN_POINT('',(40.6575,29.,23.));
#4052 = VECTOR('',#4053,1.);
#4053 = DIRECTION('',(-1.,-0.,0.));
#4054 = ORIENTED_EDGE('',*,*,#4055,.T.);
#4055 = EDGE_CURVE('',#4048,#4056,#4058,.T.);
#4056 = VERTEX_POINT('',#4057);
#4057 = CARTESIAN_POINT('',(79.315,71.,23.));
#4058 = LINE('',#4059,#4060);
#4059 = CARTESIAN_POINT('',(79.315,25.,23.));
#4060 = VECTOR('',#4061,1.);
#4061 = DIRECTION('',(-0.,1.,0.));
#4062 = ORIENTED_EDGE('',*,*,#4063,.F.);
#4063 = EDGE_CURVE('',#4064,#4056,#4066,.T.);
#4064 = VERTEX_POINT('',#4065);
#4065 = CARTESIAN_POINT('',(87.315,71.,23.));
#4066 = LINE('',#4067,#4068);
#4067 = CARTESIAN_POINT('',(40.6575,71.,23.));
#4068 = VECTOR('',#4069,1.);
#4069 = DIRECTION('',(-1.,-0.,0.));
#4070 = ORIENTED_EDGE('',*,*,#4071,.F.);
#4071 = EDGE_CURVE('',#4046,#4064,#4072,.T.);
#4072 = LINE('',#4073,#4074);
#4073 = CARTESIAN_POINT('',(87.315,25.,23.));
#4074 = VECTOR('',#4075,1.);
#4075 = DIRECTION('',(-0.,1.,0.));
#4076 = FACE_BOUND('',#4077,.T.);
#4077 = EDGE_LOOP('',(#4078,#4088,#4096,#4104));
#4078 = ORIENTED_EDGE('',*,*,#4079,.T.);
#4079 = EDGE_CURVE('',#4080,#4082,#4084,.T.);
#4080 = VERTEX_POINT('',#4081);
#4081 = CARTESIAN_POINT('',(103.315,29.,23.));
#4082 = VERTEX_POINT('',#4083);
#4083 = CARTESIAN_POINT('',(95.315,29.,23.));
#4084 = LINE('',#4085,#4086);
#4085 = CARTESIAN_POINT('',(48.6575,29.,23.));
#4086 = VECTOR('',#4087,1.);
#4087 = DIRECTION('',(-1.,-0.,0.));
#4088 = ORIENTED_EDGE('',*,*,#4089,.T.);
#4089 = EDGE_CURVE('',#4082,#4090,#4092,.T.);
#4090 = VERTEX_POINT('',#4091);
#4091 = CARTESIAN_POINT('',(95.315,71.,23.));
#4092 = LINE('',#4093,#4094);
#4093 = CARTESIAN_POINT('',(95.315,25.,23.));
#4094 = VECTOR('',#4095,1.);
#4095 = DIRECTION('',(-0.,1.,0.));
#4096 = ORIENTED_EDGE('',*,*,#4097,.F.);
#4097 = EDGE_CURVE('',#4098,#4090,#4100,.T.);
#4098 = VERTEX_POINT('',#4099);
#4099 = CARTESIAN_POINT('',(103.315,71.,23.));
#4100 = LINE('',#4101,#4102);
#4101 = CARTESIAN_POINT('',(48.6575,71.,23.));
#4102 = VECTOR('',#4103,1.);
#4103 = DIRECTION('',(-1.,-0.,0.));
#4104 = ORIENTED_EDGE('',*,*,#4105,.F.);
#4105 = EDGE_CURVE('',#4080,#4098,#4106,.T.);
#4106 = LINE('',#4107,#4108);
#4107 = CARTESIAN_POINT('',(103.315,25.,23.));
#4108 = VECTOR('',#4109,1.);
#4109 = DIRECTION('',(-0.,1.,0.));
#4110 = FACE_BOUND('',#4111,.T.);
#4111 = EDGE_LOOP('',(#4112,#4122,#4130,#4138));
#4112 = ORIENTED_EDGE('',*,*,#4113,.T.);
#4113 = EDGE_CURVE('',#4114,#4116,#4118,.T.);
#4114 = VERTEX_POINT('',#4115);
#4115 = CARTESIAN_POINT('',(135.45,106.,23.));
#4116 = VERTEX_POINT('',#4117);
#4117 = CARTESIAN_POINT('',(45.45,106.,23.));
#4118 = LINE('',#4119,#4120);
#4119 = CARTESIAN_POINT('',(23.725,106.,23.));
#4120 = VECTOR('',#4121,1.);
#4121 = DIRECTION('',(-1.,-0.,0.));
#4122 = ORIENTED_EDGE('',*,*,#4123,.T.);
#4123 = EDGE_CURVE('',#4116,#4124,#4126,.T.);
#4124 = VERTEX_POINT('',#4125);
#4125 = CARTESIAN_POINT('',(45.45,156.,23.));
#4126 = LINE('',#4127,#4128);
#4127 = CARTESIAN_POINT('',(45.45,63.5,23.));
#4128 = VECTOR('',#4129,1.);
#4129 = DIRECTION('',(-0.,1.,0.));
#4130 = ORIENTED_EDGE('',*,*,#4131,.F.);
#4131 = EDGE_CURVE('',#4132,#4124,#4134,.T.);
#4132 = VERTEX_POINT('',#4133);
#4133 = CARTESIAN_POINT('',(135.45,156.,23.));
#4134 = LINE('',#4135,#4136);
#4135 = CARTESIAN_POINT('',(23.725,156.,23.));
#4136 = VECTOR('',#4137,1.);
#4137 = DIRECTION('',(-1.,-0.,0.));
#4138 = ORIENTED_EDGE('',*,*,#4139,.F.);
#4139 = EDGE_CURVE('',#4114,#4132,#4140,.T.);
#4140 = LINE('',#4141,#4142);
#4141 = CARTESIAN_POINT('',(135.45,63.5,23.));
#4142 = VECTOR('',#4143,1.);
#4143 = DIRECTION('',(-0.,1.,0.));
#4144 = PLANE('',#4145);
#4145 = AXIS2_PLACEMENT_3D('',#4146,#4147,#4148);
#4146 = CARTESIAN_POINT('',(2.,21.,23.));
#4147 = DIRECTION('',(0.,0.,1.));
#4148 = DIRECTION('',(1.,0.,-0.));
#4149 = ADVANCED_FACE('',(#4150),#4161,.F.);
#4150 = FACE_BOUND('',#4151,.F.);
#4151 = EDGE_LOOP('',(#4152,#4153,#4159,#4160));
#4152 = ORIENTED_EDGE('',*,*,#3923,.F.);
#4153 = ORIENTED_EDGE('',*,*,#4154,.F.);
#4154 = EDGE_CURVE('',#3822,#3924,#4155,.T.);
#4155 = LINE('',#4156,#4157);
#4156 = CARTESIAN_POINT('',(1.,136.,14.3));
#4157 = VECTOR('',#4158,1.);
#4158 = DIRECTION('',(1.,0.,0.));
#4159 = ORIENTED_EDGE('',*,*,#3821,.T.);
#4160 = ORIENTED_EDGE('',*,*,#4154,.T.);
#4161 = CYLINDRICAL_SURFACE('',#4162,1.3);
#4162 = AXIS2_PLACEMENT_3D('',#4163,#4164,#4165);
#4163 = CARTESIAN_POINT('',(1.,136.,13.));
#4164 = DIRECTION('',(1.,0.,0.));
#4165 = DIRECTION('',(-0.,0.,1.));
#4166 = ADVANCED_FACE('',(#4167),#4178,.F.);
#4167 = FACE_BOUND('',#4168,.F.);
#4168 = EDGE_LOOP('',(#4169,#4170,#4176,#4177));
#4169 = ORIENTED_EDGE('',*,*,#3934,.F.);
#4170 = ORIENTED_EDGE('',*,*,#4171,.F.);
#4171 = EDGE_CURVE('',#3833,#3935,#4172,.T.);
#4172 = LINE('',#4173,#4174);
#4173 = CARTESIAN_POINT('',(1.,46.,14.3));
#4174 = VECTOR('',#4175,1.);
#4175 = DIRECTION('',(1.,0.,0.));
#4176 = ORIENTED_EDGE('',*,*,#3832,.T.);
#4177 = ORIENTED_EDGE('',*,*,#4171,.T.);
#4178 = CYLINDRICAL_SURFACE('',#4179,1.3);
#4179 = AXIS2_PLACEMENT_3D('',#4180,#4181,#4182);
#4180 = CARTESIAN_POINT('',(1.,46.,13.));
#4181 = DIRECTION('',(1.,0.,0.));
#4182 = DIRECTION('',(-0.,0.,1.));
#4183 = ADVANCED_FACE('',(#4184,#4195,#4206),#4217,.T.);
#4184 = FACE_BOUND('',#4185,.T.);
#4185 = EDGE_LOOP('',(#4186,#4187,#4193,#4194));
#4186 = ORIENTED_EDGE('',*,*,#3978,.F.);
#4187 = ORIENTED_EDGE('',*,*,#4188,.T.);
#4188 = EDGE_CURVE('',#3971,#3858,#4189,.T.);
#4189 = LINE('',#4190,#4191);
#4190 = CARTESIAN_POINT('',(178.9,21.,9.));
#4191 = VECTOR('',#4192,1.);
#4192 = DIRECTION('',(-0.,1.,0.));
#4193 = ORIENTED_EDGE('',*,*,#3857,.T.);
#4194 = ORIENTED_EDGE('',*,*,#4002,.F.);
#4195 = FACE_BOUND('',#4196,.T.);
#4196 = EDGE_LOOP('',(#4197));
#4197 = ORIENTED_EDGE('',*,*,#4198,.F.);
#4198 = EDGE_CURVE('',#4199,#4199,#4201,.T.);
#4199 = VERTEX_POINT('',#4200);
#4200 = CARTESIAN_POINT('',(178.9,136.,14.3));
#4201 = CIRCLE('',#4202,1.3);
#4202 = AXIS2_PLACEMENT_3D('',#4203,#4204,#4205);
#4203 = CARTESIAN_POINT('',(178.9,136.,13.));
#4204 = DIRECTION('',(1.,0.,0.));
#4205 = DIRECTION('',(-0.,0.,1.));
#4206 = FACE_BOUND('',#4207,.T.);
#4207 = EDGE_LOOP('',(#4208));
#4208 = ORIENTED_EDGE('',*,*,#4209,.F.);
#4209 = EDGE_CURVE('',#4210,#4210,#4212,.T.);
#4210 = VERTEX_POINT('',#4211);
#4211 = CARTESIAN_POINT('',(178.9,46.,14.3));
#4212 = CIRCLE('',#4213,1.3);
#4213 = AXIS2_PLACEMENT_3D('',#4214,#4215,#4216);
#4214 = CARTESIAN_POINT('',(178.9,46.,13.));
#4215 = DIRECTION('',(1.,0.,0.));
#4216 = DIRECTION('',(-0.,0.,1.));
#4217 = PLANE('',#4218);
#4218 = AXIS2_PLACEMENT_3D('',#4219,#4220,#4221);
#4219 = CARTESIAN_POINT('',(178.9,91.,16.));
#4220 = DIRECTION('',(1.,0.,0.));
#4221 = DIRECTION('',(-0.,0.,1.));
#4222 = ADVANCED_FACE('',(#4223),#4234,.F.);
#4223 = FACE_BOUND('',#4224,.F.);
#4224 = EDGE_LOOP('',(#4225,#4231,#4232,#4233));
#4225 = ORIENTED_EDGE('',*,*,#4226,.F.);
#4226 = EDGE_CURVE('',#3963,#3866,#4227,.T.);
#4227 = LINE('',#4228,#4229);
#4228 = CARTESIAN_POINT('',(176.9,21.,9.));
#4229 = VECTOR('',#4230,1.);
#4230 = DIRECTION('',(-0.,1.,0.));
#4231 = ORIENTED_EDGE('',*,*,#3970,.T.);
#4232 = ORIENTED_EDGE('',*,*,#4188,.T.);
#4233 = ORIENTED_EDGE('',*,*,#3865,.F.);
#4234 = PLANE('',#4235);
#4235 = AXIS2_PLACEMENT_3D('',#4236,#4237,#4238);
#4236 = CARTESIAN_POINT('',(176.9,21.,9.));
#4237 = DIRECTION('',(0.,0.,1.));
#4238 = DIRECTION('',(1.,0.,-0.));
#4239 = ADVANCED_FACE('',(#4240,#4251,#4262),#4273,.F.);
#4240 = FACE_BOUND('',#4241,.F.);
#4241 = EDGE_LOOP('',(#4242,#4243,#4244,#4245));
#4242 = ORIENTED_EDGE('',*,*,#3962,.F.);
#4243 = ORIENTED_EDGE('',*,*,#4226,.T.);
#4244 = ORIENTED_EDGE('',*,*,#3873,.T.);
#4245 = ORIENTED_EDGE('',*,*,#4246,.F.);
#4246 = EDGE_CURVE('',#3955,#3874,#4247,.T.);
#4247 = LINE('',#4248,#4249);
#4248 = CARTESIAN_POINT('',(176.9,21.,21.));
#4249 = VECTOR('',#4250,1.);
#4250 = DIRECTION('',(-0.,1.,0.));
#4251 = FACE_BOUND('',#4252,.F.);
#4252 = EDGE_LOOP('',(#4253));
#4253 = ORIENTED_EDGE('',*,*,#4254,.F.);
#4254 = EDGE_CURVE('',#4255,#4255,#4257,.T.);
#4255 = VERTEX_POINT('',#4256);
#4256 = CARTESIAN_POINT('',(176.9,136.,14.3));
#4257 = CIRCLE('',#4258,1.3);
#4258 = AXIS2_PLACEMENT_3D('',#4259,#4260,#4261);
#4259 = CARTESIAN_POINT('',(176.9,136.,13.));
#4260 = DIRECTION('',(1.,0.,0.));
#4261 = DIRECTION('',(-0.,0.,1.));
#4262 = FACE_BOUND('',#4263,.F.);
#4263 = EDGE_LOOP('',(#4264));
#4264 = ORIENTED_EDGE('',*,*,#4265,.F.);
#4265 = EDGE_CURVE('',#4266,#4266,#4268,.T.);
#4266 = VERTEX_POINT('',#4267);
#4267 = CARTESIAN_POINT('',(176.9,46.,14.3));
#4268 = CIRCLE('',#4269,1.3);
#4269 = AXIS2_PLACEMENT_3D('',#4270,#4271,#4272);
#4270 = CARTESIAN_POINT('',(176.9,46.,13.));
#4271 = DIRECTION('',(1.,0.,0.));
#4272 = DIRECTION('',(-0.,0.,1.));
#4273 = PLANE('',#4274);
#4274 = AXIS2_PLACEMENT_3D('',#4275,#4276,#4277);
#4275 = CARTESIAN_POINT('',(176.9,21.,9.));
#4276 = DIRECTION('',(1.,0.,-0.));
#4277 = DIRECTION('',(0.,0.,1.));
#4278 = ADVANCED_FACE('',(#4279,#4285,#4319,#4353,#4387),#4421,.F.);
#4279 = FACE_BOUND('',#4280,.F.);
#4280 = EDGE_LOOP('',(#4281,#4282,#4283,#4284));
#4281 = ORIENTED_EDGE('',*,*,#3915,.F.);
#4282 = ORIENTED_EDGE('',*,*,#3954,.T.);
#4283 = ORIENTED_EDGE('',*,*,#4246,.T.);
#4284 = ORIENTED_EDGE('',*,*,#3881,.F.);
#4285 = FACE_BOUND('',#4286,.F.);
#4286 = EDGE_LOOP('',(#4287,#4297,#4305,#4313));
#4287 = ORIENTED_EDGE('',*,*,#4288,.T.);
#4288 = EDGE_CURVE('',#4289,#4291,#4293,.T.);
#4289 = VERTEX_POINT('',#4290);
#4290 = CARTESIAN_POINT('',(71.315,29.,21.));
#4291 = VERTEX_POINT('',#4292);
#4292 = CARTESIAN_POINT('',(63.315,29.,21.));
#4293 = LINE('',#4294,#4295);
#4294 = CARTESIAN_POINT('',(32.6575,29.,21.));
#4295 = VECTOR('',#4296,1.);
#4296 = DIRECTION('',(-1.,-0.,0.));
#4297 = ORIENTED_EDGE('',*,*,#4298,.T.);
#4298 = EDGE_CURVE('',#4291,#4299,#4301,.T.);
#4299 = VERTEX_POINT('',#4300);
#4300 = CARTESIAN_POINT('',(63.315,71.,21.));
#4301 = LINE('',#4302,#4303);
#4302 = CARTESIAN_POINT('',(63.315,25.,21.));
#4303 = VECTOR('',#4304,1.);
#4304 = DIRECTION('',(-0.,1.,0.));
#4305 = ORIENTED_EDGE('',*,*,#4306,.F.);
#4306 = EDGE_CURVE('',#4307,#4299,#4309,.T.);
#4307 = VERTEX_POINT('',#4308);
#4308 = CARTESIAN_POINT('',(71.315,71.,21.));
#4309 = LINE('',#4310,#4311);
#4310 = CARTESIAN_POINT('',(32.6575,71.,21.));
#4311 = VECTOR('',#4312,1.);
#4312 = DIRECTION('',(-1.,-0.,0.));
#4313 = ORIENTED_EDGE('',*,*,#4314,.F.);
#4314 = EDGE_CURVE('',#4289,#4307,#4315,.T.);
#4315 = LINE('',#4316,#4317);
#4316 = CARTESIAN_POINT('',(71.315,25.,21.));
#4317 = VECTOR('',#4318,1.);
#4318 = DIRECTION('',(-0.,1.,0.));
#4319 = FACE_BOUND('',#4320,.F.);
#4320 = EDGE_LOOP('',(#4321,#4331,#4339,#4347));
#4321 = ORIENTED_EDGE('',*,*,#4322,.T.);
#4322 = EDGE_CURVE('',#4323,#4325,#4327,.T.);
#4323 = VERTEX_POINT('',#4324);
#4324 = CARTESIAN_POINT('',(87.315,29.,21.));
#4325 = VERTEX_POINT('',#4326);
#4326 = CARTESIAN_POINT('',(79.315,29.,21.));
#4327 = LINE('',#4328,#4329);
#4328 = CARTESIAN_POINT('',(40.6575,29.,21.));
#4329 = VECTOR('',#4330,1.);
#4330 = DIRECTION('',(-1.,-0.,0.));
#4331 = ORIENTED_EDGE('',*,*,#4332,.T.);
#4332 = EDGE_CURVE('',#4325,#4333,#4335,.T.);
#4333 = VERTEX_POINT('',#4334);
#4334 = CARTESIAN_POINT('',(79.315,71.,21.));
#4335 = LINE('',#4336,#4337);
#4336 = CARTESIAN_POINT('',(79.315,25.,21.));
#4337 = VECTOR('',#4338,1.);
#4338 = DIRECTION('',(-0.,1.,0.));
#4339 = ORIENTED_EDGE('',*,*,#4340,.F.);
#4340 = EDGE_CURVE('',#4341,#4333,#4343,.T.);
#4341 = VERTEX_POINT('',#4342);
#4342 = CARTESIAN_POINT('',(87.315,71.,21.));
#4343 = LINE('',#4344,#4345);
#4344 = CARTESIAN_POINT('',(40.6575,71.,21.));
#4345 = VECTOR('',#4346,1.);
#4346 = DIRECTION('',(-1.,-0.,0.));
#4347 = ORIENTED_EDGE('',*,*,#4348,.F.);
#4348 = EDGE_CURVE('',#4323,#4341,#4349,.T.);
#4349 = LINE('',#4350,#4351);
#4350 = CARTESIAN_POINT('',(87.315,25.,21.));
#4351 = VECTOR('',#4352,1.);
#4352 = DIRECTION('',(-0.,1.,0.));
#4353 = FACE_BOUND('',#4354,.F.);
#4354 = EDGE_LOOP('',(#4355,#4365,#4373,#4381));
#4355 = ORIENTED_EDGE('',*,*,#4356,.T.);
#4356 = EDGE_CURVE('',#4357,#4359,#4361,.T.);
#4357 = VERTEX_POINT('',#4358);
#4358 = CARTESIAN_POINT('',(103.315,29.,21.));
#4359 = VERTEX_POINT('',#4360);
#4360 = CARTESIAN_POINT('',(95.315,29.,21.));
#4361 = LINE('',#4362,#4363);
#4362 = CARTESIAN_POINT('',(48.6575,29.,21.));
#4363 = VECTOR('',#4364,1.);
#4364 = DIRECTION('',(-1.,-0.,0.));
#4365 = ORIENTED_EDGE('',*,*,#4366,.T.);
#4366 = EDGE_CURVE('',#4359,#4367,#4369,.T.);
#4367 = VERTEX_POINT('',#4368);
#4368 = CARTESIAN_POINT('',(95.315,71.,21.));
#4369 = LINE('',#4370,#4371);
#4370 = CARTESIAN_POINT('',(95.315,25.,21.));
#4371 = VECTOR('',#4372,1.);
#4372 = DIRECTION('',(-0.,1.,0.));
#4373 = ORIENTED_EDGE('',*,*,#4374,.F.);
#4374 = EDGE_CURVE('',#4375,#4367,#4377,.T.);
#4375 = VERTEX_POINT('',#4376);
#4376 = CARTESIAN_POINT('',(103.315,71.,21.));
#4377 = LINE('',#4378,#4379);
#4378 = CARTESIAN_POINT('',(48.6575,71.,21.));
#4379 = VECTOR('',#4380,1.);
#4380 = DIRECTION('',(-1.,-0.,0.));
#4381 = ORIENTED_EDGE('',*,*,#4382,.F.);
#4382 = EDGE_CURVE('',#4357,#4375,#4383,.T.);
#4383 = LINE('',#4384,#4385);
#4384 = CARTESIAN_POINT('',(103.315,25.,21.));
#4385 = VECTOR('',#4386,1.);
#4386 = DIRECTION('',(-0.,1.,0.));
#4387 = FACE_BOUND('',#4388,.F.);
#4388 = EDGE_LOOP('',(#4389,#4399,#4407,#4415));
#4389 = ORIENTED_EDGE('',*,*,#4390,.T.);
#4390 = EDGE_CURVE('',#4391,#4393,#4395,.T.);
#4391 = VERTEX_POINT('',#4392);
#4392 = CARTESIAN_POINT('',(135.45,106.,21.));
#4393 = VERTEX_POINT('',#4394);
#4394 = CARTESIAN_POINT('',(45.45,106.,21.));
#4395 = LINE('',#4396,#4397);
#4396 = CARTESIAN_POINT('',(23.725,106.,21.));
#4397 = VECTOR('',#4398,1.);
#4398 = DIRECTION('',(-1.,-0.,0.));
#4399 = ORIENTED_EDGE('',*,*,#4400,.T.);
#4400 = EDGE_CURVE('',#4393,#4401,#4403,.T.);
#4401 = VERTEX_POINT('',#4402);
#4402 = CARTESIAN_POINT('',(45.45,156.,21.));
#4403 = LINE('',#4404,#4405);
#4404 = CARTESIAN_POINT('',(45.45,63.5,21.));
#4405 = VECTOR('',#4406,1.);
#4406 = DIRECTION('',(-0.,1.,0.));
#4407 = ORIENTED_EDGE('',*,*,#4408,.F.);
#4408 = EDGE_CURVE('',#4409,#4401,#4411,.T.);
#4409 = VERTEX_POINT('',#4410);
#4410 = CARTESIAN_POINT('',(135.45,156.,21.));
#4411 = LINE('',#4412,#4413);
#4412 = CARTESIAN_POINT('',(23.725,156.,21.));
#4413 = VECTOR('',#4414,1.);
#4414 = DIRECTION('',(-1.,-0.,0.));
#4415 = ORIENTED_EDGE('',*,*,#4416,.F.);
#4416 = EDGE_CURVE('',#4391,#4409,#4417,.T.);
#4417 = LINE('',#4418,#4419);
#4418 = CARTESIAN_POINT('',(135.45,63.5,21.));
#4419 = VECTOR('',#4420,1.);
#4420 = DIRECTION('',(-0.,1.,0.));
#4421 = PLANE('',#4422);
#4422 = AXIS2_PLACEMENT_3D('',#4423,#4424,#4425);
#4423 = CARTESIAN_POINT('',(2.,21.,21.));
#4424 = DIRECTION('',(0.,0.,1.));
#4425 = DIRECTION('',(1.,0.,-0.));
#4426 = ADVANCED_FACE('',(#4427),#4443,.T.);
#4427 = FACE_BOUND('',#4428,.T.);
#4428 = EDGE_LOOP('',(#4429,#4435,#4436,#4442));
#4429 = ORIENTED_EDGE('',*,*,#4430,.F.);
#4430 = EDGE_CURVE('',#4289,#4012,#4431,.T.);
#4431 = LINE('',#4432,#4433);
#4432 = CARTESIAN_POINT('',(71.315,29.,20.));
#4433 = VECTOR('',#4434,1.);
#4434 = DIRECTION('',(0.,0.,1.));
#4435 = ORIENTED_EDGE('',*,*,#4288,.T.);
#4436 = ORIENTED_EDGE('',*,*,#4437,.T.);
#4437 = EDGE_CURVE('',#4291,#4014,#4438,.T.);
#4438 = LINE('',#4439,#4440);
#4439 = CARTESIAN_POINT('',(63.315,29.,20.));
#4440 = VECTOR('',#4441,1.);
#4441 = DIRECTION('',(0.,0.,1.));
#4442 = ORIENTED_EDGE('',*,*,#4011,.F.);
#4443 = PLANE('',#4444);
#4444 = AXIS2_PLACEMENT_3D('',#4445,#4446,#4447);
#4445 = CARTESIAN_POINT('',(63.315,29.,20.));
#4446 = DIRECTION('',(-0.,1.,0.));
#4447 = DIRECTION('',(0.,0.,1.));
#4448 = ADVANCED_FACE('',(#4449),#4460,.F.);
#4449 = FACE_BOUND('',#4450,.F.);
#4450 = EDGE_LOOP('',(#4451,#4452,#4453,#4459));
#4451 = ORIENTED_EDGE('',*,*,#4430,.F.);
#4452 = ORIENTED_EDGE('',*,*,#4314,.T.);
#4453 = ORIENTED_EDGE('',*,*,#4454,.T.);
#4454 = EDGE_CURVE('',#4307,#4030,#4455,.T.);
#4455 = LINE('',#4456,#4457);
#4456 = CARTESIAN_POINT('',(71.315,71.,20.));
#4457 = VECTOR('',#4458,1.);
#4458 = DIRECTION('',(0.,0.,1.));
#4459 = ORIENTED_EDGE('',*,*,#4037,.F.);
#4460 = PLANE('',#4461);
#4461 = AXIS2_PLACEMENT_3D('',#4462,#4463,#4464);
#4462 = CARTESIAN_POINT('',(71.315,29.,20.));
#4463 = DIRECTION('',(1.,0.,-0.));
#4464 = DIRECTION('',(0.,0.,1.));
#4465 = ADVANCED_FACE('',(#4466),#4477,.T.);
#4466 = FACE_BOUND('',#4467,.T.);
#4467 = EDGE_LOOP('',(#4468,#4469,#4470,#4476));
#4468 = ORIENTED_EDGE('',*,*,#4437,.F.);
#4469 = ORIENTED_EDGE('',*,*,#4298,.T.);
#4470 = ORIENTED_EDGE('',*,*,#4471,.T.);
#4471 = EDGE_CURVE('',#4299,#4022,#4472,.T.);
#4472 = LINE('',#4473,#4474);
#4473 = CARTESIAN_POINT('',(63.315,71.,20.));
#4474 = VECTOR('',#4475,1.);
#4475 = DIRECTION('',(0.,0.,1.));
#4476 = ORIENTED_EDGE('',*,*,#4021,.F.);
#4477 = PLANE('',#4478);
#4478 = AXIS2_PLACEMENT_3D('',#4479,#4480,#4481);
#4479 = CARTESIAN_POINT('',(63.315,29.,20.));
#4480 = DIRECTION('',(1.,0.,-0.));
#4481 = DIRECTION('',(0.,0.,1.));
#4482 = ADVANCED_FACE('',(#4483),#4489,.F.);
#4483 = FACE_BOUND('',#4484,.F.);
#4484 = EDGE_LOOP('',(#4485,#4486,#4487,#4488));
#4485 = ORIENTED_EDGE('',*,*,#4454,.F.);
#4486 = ORIENTED_EDGE('',*,*,#4306,.T.);
#4487 = ORIENTED_EDGE('',*,*,#4471,.T.);
#4488 = ORIENTED_EDGE('',*,*,#4029,.F.);
#4489 = PLANE('',#4490);
#4490 = AXIS2_PLACEMENT_3D('',#4491,#4492,#4493);
#4491 = CARTESIAN_POINT('',(63.315,71.,20.));
#4492 = DIRECTION('',(-0.,1.,0.));
#4493 = DIRECTION('',(0.,0.,1.));
#4494 = ADVANCED_FACE('',(#4495),#4511,.T.);
#4495 = FACE_BOUND('',#4496,.T.);
#4496 = EDGE_LOOP('',(#4497,#4503,#4504,#4510));
#4497 = ORIENTED_EDGE('',*,*,#4498,.F.);
#4498 = EDGE_CURVE('',#4323,#4046,#4499,.T.);
#4499 = LINE('',#4500,#4501);
#4500 = CARTESIAN_POINT('',(87.315,29.,20.));
#4501 = VECTOR('',#4502,1.);
#4502 = DIRECTION('',(0.,0.,1.));
#4503 = ORIENTED_EDGE('',*,*,#4322,.T.);
#4504 = ORIENTED_EDGE('',*,*,#4505,.T.);
#4505 = EDGE_CURVE('',#4325,#4048,#4506,.T.);
#4506 = LINE('',#4507,#4508);
#4507 = CARTESIAN_POINT('',(79.315,29.,20.));
#4508 = VECTOR('',#4509,1.);
#4509 = DIRECTION('',(0.,0.,1.));
#4510 = ORIENTED_EDGE('',*,*,#4045,.F.);
#4511 = PLANE('',#4512);
#4512 = AXIS2_PLACEMENT_3D('',#4513,#4514,#4515);
#4513 = CARTESIAN_POINT('',(79.315,29.,20.));
#4514 = DIRECTION('',(-0.,1.,0.));
#4515 = DIRECTION('',(0.,0.,1.));
#4516 = ADVANCED_FACE('',(#4517),#4528,.F.);
#4517 = FACE_BOUND('',#4518,.F.);
#4518 = EDGE_LOOP('',(#4519,#4520,#4521,#4527));
#4519 = ORIENTED_EDGE('',*,*,#4498,.F.);
#4520 = ORIENTED_EDGE('',*,*,#4348,.T.);
#4521 = ORIENTED_EDGE('',*,*,#4522,.T.);
#4522 = EDGE_CURVE('',#4341,#4064,#4523,.T.);
#4523 = LINE('',#4524,#4525);
#4524 = CARTESIAN_POINT('',(87.315,71.,20.));
#4525 = VECTOR('',#4526,1.);
#4526 = DIRECTION('',(0.,0.,1.));
#4527 = ORIENTED_EDGE('',*,*,#4071,.F.);
#4528 = PLANE('',#4529);
#4529 = AXIS2_PLACEMENT_3D('',#4530,#4531,#4532);
#4530 = CARTESIAN_POINT('',(87.315,29.,20.));
#4531 = DIRECTION('',(1.,0.,-0.));
#4532 = DIRECTION('',(0.,0.,1.));
#4533 = ADVANCED_FACE('',(#4534),#4545,.T.);
#4534 = FACE_BOUND('',#4535,.T.);
#4535 = EDGE_LOOP('',(#4536,#4537,#4538,#4544));
#4536 = ORIENTED_EDGE('',*,*,#4505,.F.);
#4537 = ORIENTED_EDGE('',*,*,#4332,.T.);
#4538 = ORIENTED_EDGE('',*,*,#4539,.T.);
#4539 = EDGE_CURVE('',#4333,#4056,#4540,.T.);
#4540 = LINE('',#4541,#4542);
#4541 = CARTESIAN_POINT('',(79.315,71.,20.));
#4542 = VECTOR('',#4543,1.);
#4543 = DIRECTION('',(0.,0.,1.));
#4544 = ORIENTED_EDGE('',*,*,#4055,.F.);
#4545 = PLANE('',#4546);
#4546 = AXIS2_PLACEMENT_3D('',#4547,#4548,#4549);
#4547 = CARTESIAN_POINT('',(79.315,29.,20.));
#4548 = DIRECTION('',(1.,0.,-0.));
#4549 = DIRECTION('',(0.,0.,1.));
#4550 = ADVANCED_FACE('',(#4551),#4557,.F.);
#4551 = FACE_BOUND('',#4552,.F.);
#4552 = EDGE_LOOP('',(#4553,#4554,#4555,#4556));
#4553 = ORIENTED_EDGE('',*,*,#4522,.F.);
#4554 = ORIENTED_EDGE('',*,*,#4340,.T.);
#4555 = ORIENTED_EDGE('',*,*,#4539,.T.);
#4556 = ORIENTED_EDGE('',*,*,#4063,.F.);
#4557 = PLANE('',#4558);
#4558 = AXIS2_PLACEMENT_3D('',#4559,#4560,#4561);
#4559 = CARTESIAN_POINT('',(79.315,71.,20.));
#4560 = DIRECTION('',(-0.,1.,0.));
#4561 = DIRECTION('',(0.,0.,1.));
#4562 = ADVANCED_FACE('',(#4563),#4579,.T.);
#4563 = FACE_BOUND('',#4564,.T.);
#4564 = EDGE_LOOP('',(#4565,#4571,#4572,#4578));
#4565 = ORIENTED_EDGE('',*,*,#4566,.F.);
#4566 = EDGE_CURVE('',#4357,#4080,#4567,.T.);
#4567 = LINE('',#4568,#4569);
#4568 = CARTESIAN_POINT('',(103.315,29.,20.));
#4569 = VECTOR('',#4570,1.);
#4570 = DIRECTION('',(0.,0.,1.));
#4571 = ORIENTED_EDGE('',*,*,#4356,.T.);
#4572 = ORIENTED_EDGE('',*,*,#4573,.T.);
#4573 = EDGE_CURVE('',#4359,#4082,#4574,.T.);
#4574 = LINE('',#4575,#4576);
#4575 = CARTESIAN_POINT('',(95.315,29.,20.));
#4576 = VECTOR('',#4577,1.);
#4577 = DIRECTION('',(0.,0.,1.));
#4578 = ORIENTED_EDGE('',*,*,#4079,.F.);
#4579 = PLANE('',#4580);
#4580 = AXIS2_PLACEMENT_3D('',#4581,#4582,#4583);
#4581 = CARTESIAN_POINT('',(95.315,29.,20.));
#4582 = DIRECTION('',(-0.,1.,0.));
#4583 = DIRECTION('',(0.,0.,1.));
#4584 = ADVANCED_FACE('',(#4585),#4596,.F.);
#4585 = FACE_BOUND('',#4586,.F.);
#4586 = EDGE_LOOP('',(#4587,#4588,#4589,#4595));
#4587 = ORIENTED_EDGE('',*,*,#4566,.F.);
#4588 = ORIENTED_EDGE('',*,*,#4382,.T.);
#4589 = ORIENTED_EDGE('',*,*,#4590,.T.);
#4590 = EDGE_CURVE('',#4375,#4098,#4591,.T.);
#4591 = LINE('',#4592,#4593);
#4592 = CARTESIAN_POINT('',(103.315,71.,20.));
#4593 = VECTOR('',#4594,1.);
#4594 = DIRECTION('',(0.,0.,1.));
#4595 = ORIENTED_EDGE('',*,*,#4105,.F.);
#4596 = PLANE('',#4597);
#4597 = AXIS2_PLACEMENT_3D('',#4598,#4599,#4600);
#4598 = CARTESIAN_POINT('',(103.315,29.,20.));
#4599 = DIRECTION('',(1.,0.,-0.));
#4600 = DIRECTION('',(0.,0.,1.));
#4601 = ADVANCED_FACE('',(#4602),#4613,.F.);
#4602 = FACE_BOUND('',#4603,.F.);
#4603 = EDGE_LOOP('',(#4604,#4605,#4606,#4612));
#4604 = ORIENTED_EDGE('',*,*,#4590,.F.);
#4605 = ORIENTED_EDGE('',*,*,#4374,.T.);
#4606 = ORIENTED_EDGE('',*,*,#4607,.T.);
#4607 = EDGE_CURVE('',#4367,#4090,#4608,.T.);
#4608 = LINE('',#4609,#4610);
#4609 = CARTESIAN_POINT('',(95.315,71.,20.));
#4610 = VECTOR('',#4611,1.);
#4611 = DIRECTION('',(0.,0.,1.));
#4612 = ORIENTED_EDGE('',*,*,#4097,.F.);
#4613 = PLANE('',#4614);
#4614 = AXIS2_PLACEMENT_3D('',#4615,#4616,#4617);
#4615 = CARTESIAN_POINT('',(95.315,71.,20.));
#4616 = DIRECTION('',(-0.,1.,0.));
#4617 = DIRECTION('',(0.,0.,1.));
#4618 = ADVANCED_FACE('',(#4619),#4625,.T.);
#4619 = FACE_BOUND('',#4620,.T.);
#4620 = EDGE_LOOP('',(#4621,#4622,#4623,#4624));
#4621 = ORIENTED_EDGE('',*,*,#4573,.F.);
#4622 = ORIENTED_EDGE('',*,*,#4366,.T.);
#4623 = ORIENTED_EDGE('',*,*,#4607,.T.);
#4624 = ORIENTED_EDGE('',*,*,#4089,.F.);
#4625 = PLANE('',#4626);
#4626 = AXIS2_PLACEMENT_3D('',#4627,#4628,#4629);
#4627 = CARTESIAN_POINT('',(95.315,29.,20.));
#4628 = DIRECTION('',(1.,0.,-0.));
#4629 = DIRECTION('',(0.,0.,1.));
#4630 = ADVANCED_FACE('',(#4631),#4647,.T.);
#4631 = FACE_BOUND('',#4632,.T.);
#4632 = EDGE_LOOP('',(#4633,#4639,#4640,#4646));
#4633 = ORIENTED_EDGE('',*,*,#4634,.F.);
#4634 = EDGE_CURVE('',#4391,#4114,#4635,.T.);
#4635 = LINE('',#4636,#4637);
#4636 = CARTESIAN_POINT('',(135.45,106.,20.));
#4637 = VECTOR('',#4638,1.);
#4638 = DIRECTION('',(0.,0.,1.));
#4639 = ORIENTED_EDGE('',*,*,#4390,.T.);
#4640 = ORIENTED_EDGE('',*,*,#4641,.T.);
#4641 = EDGE_CURVE('',#4393,#4116,#4642,.T.);
#4642 = LINE('',#4643,#4644);
#4643 = CARTESIAN_POINT('',(45.45,106.,20.));
#4644 = VECTOR('',#4645,1.);
#4645 = DIRECTION('',(0.,0.,1.));
#4646 = ORIENTED_EDGE('',*,*,#4113,.F.);
#4647 = PLANE('',#4648);
#4648 = AXIS2_PLACEMENT_3D('',#4649,#4650,#4651);
#4649 = CARTESIAN_POINT('',(45.45,106.,20.));
#4650 = DIRECTION('',(-0.,1.,0.));
#4651 = DIRECTION('',(0.,0.,1.));
#4652 = ADVANCED_FACE('',(#4653),#4664,.F.);
#4653 = FACE_BOUND('',#4654,.F.);
#4654 = EDGE_LOOP('',(#4655,#4656,#4657,#4663));
#4655 = ORIENTED_EDGE('',*,*,#4634,.F.);
#4656 = ORIENTED_EDGE('',*,*,#4416,.T.);
#4657 = ORIENTED_EDGE('',*,*,#4658,.T.);
#4658 = EDGE_CURVE('',#4409,#4132,#4659,.T.);
#4659 = LINE('',#4660,#4661);
#4660 = CARTESIAN_POINT('',(135.45,156.,20.));
#4661 = VECTOR('',#4662,1.);
#4662 = DIRECTION('',(0.,0.,1.));
#4663 = ORIENTED_EDGE('',*,*,#4139,.F.);
#4664 = PLANE('',#4665);
#4665 = AXIS2_PLACEMENT_3D('',#4666,#4667,#4668);
#4666 = CARTESIAN_POINT('',(135.45,106.,20.));
#4667 = DIRECTION('',(1.,0.,-0.));
#4668 = DIRECTION('',(0.,0.,1.));
#4669 = ADVANCED_FACE('',(#4670),#4681,.T.);
#4670 = FACE_BOUND('',#4671,.T.);
#4671 = EDGE_LOOP('',(#4672,#4673,#4674,#4680));
#4672 = ORIENTED_EDGE('',*,*,#4641,.F.);
#4673 = ORIENTED_EDGE('',*,*,#4400,.T.);
#4674 = ORIENTED_EDGE('',*,*,#4675,.T.);
#4675 = EDGE_CURVE('',#4401,#4124,#4676,.T.);
#4676 = LINE('',#4677,#4678);
#4677 = CARTESIAN_POINT('',(45.45,156.,20.));
#4678 = VECTOR('',#4679,1.);
#4679 = DIRECTION('',(0.,0.,1.));
#4680 = ORIENTED_EDGE('',*,*,#4123,.F.);
#4681 = PLANE('',#4682);
#4682 = AXIS2_PLACEMENT_3D('',#4683,#4684,#4685);
#4683 = CARTESIAN_POINT('',(45.45,106.,20.));
#4684 = DIRECTION('',(1.,0.,-0.));
#4685 = DIRECTION('',(0.,0.,1.));
#4686 = ADVANCED_FACE('',(#4687),#4693,.F.);
#4687 = FACE_BOUND('',#4688,.F.);
#4688 = EDGE_LOOP('',(#4689,#4690,#4691,#4692));
#4689 = ORIENTED_EDGE('',*,*,#4658,.F.);
#4690 = ORIENTED_EDGE('',*,*,#4408,.T.);
#4691 = ORIENTED_EDGE('',*,*,#4675,.T.);
#4692 = ORIENTED_EDGE('',*,*,#4131,.F.);
#4693 = PLANE('',#4694);
#4694 = AXIS2_PLACEMENT_3D('',#4695,#4696,#4697);
#4695 = CARTESIAN_POINT('',(45.45,156.,20.));
#4696 = DIRECTION('',(-0.,1.,0.));
#4697 = DIRECTION('',(0.,0.,1.));
#4698 = ADVANCED_FACE('',(#4699),#4710,.F.);
#4699 = FACE_BOUND('',#4700,.F.);
#4700 = EDGE_LOOP('',(#4701,#4702,#4708,#4709));
#4701 = ORIENTED_EDGE('',*,*,#4198,.F.);
#4702 = ORIENTED_EDGE('',*,*,#4703,.F.);
#4703 = EDGE_CURVE('',#4255,#4199,#4704,.T.);
#4704 = LINE('',#4705,#4706);
#4705 = CARTESIAN_POINT('',(175.9,136.,14.3));
#4706 = VECTOR('',#4707,1.);
#4707 = DIRECTION('',(1.,0.,0.));
#4708 = ORIENTED_EDGE('',*,*,#4254,.T.);
#4709 = ORIENTED_EDGE('',*,*,#4703,.T.);
#4710 = CYLINDRICAL_SURFACE('',#4711,1.3);
#4711 = AXIS2_PLACEMENT_3D('',#4712,#4713,#4714);
#4712 = CARTESIAN_POINT('',(175.9,136.,13.));
#4713 = DIRECTION('',(1.,0.,0.));
#4714 = DIRECTION('',(-0.,0.,1.));
#4715 = ADVANCED_FACE('',(#4716),#4727,.F.);
#4716 = FACE_BOUND('',#4717,.F.);
#4717 = EDGE_LOOP('',(#4718,#4719,#4725,#4726));
#4718 = ORIENTED_EDGE('',*,*,#4209,.F.);
#4719 = ORIENTED_EDGE('',*,*,#4720,.F.);
#4720 = EDGE_CURVE('',#4266,#4210,#4721,.T.);
#4721 = LINE('',#4722,#4723);
#4722 = CARTESIAN_POINT('',(175.9,46.,14.3));
#4723 = VECTOR('',#4724,1.);
#4724 = DIRECTION('',(1.,0.,0.));
#4725 = ORIENTED_EDGE('',*,*,#4265,.T.);
#4726 = ORIENTED_EDGE('',*,*,#4720,.T.);
#4727 = CYLINDRICAL_SURFACE('',#4728,1.3);
#4728 = AXIS2_PLACEMENT_3D('',#4729,#4730,#4731);
#4729 = CARTESIAN_POINT('',(175.9,46.,13.));
#4730 = DIRECTION('',(1.,0.,0.));
#4731 = DIRECTION('',(-0.,0.,1.));
#4732 = ( GEOMETRIC_REPRESENTATION_CONTEXT(3) 
GLOBAL_UNCERTAINTY_ASSIGNED_CONTEXT((#4736)) 
GLOBAL_UNIT_ASSIGNED_CONTEXT((#4733,#4734,#4735)) REPRESENTATION_CONTEXT
('Context #1','3D Context with UNIT and UNCERTAINTY') );
#4733 = ( LENGTH_UNIT() NAMED_UNIT(*) SI_UNIT(.MILLI.,.METRE.) );
#4734 = ( NAMED_UNIT(*) PLANE_ANGLE_UNIT() SI_UNIT($,.RADIAN.) );
#4735 = ( NAMED_UNIT(*) SI_UNIT($,.STERADIAN.) SOLID_ANGLE_UNIT() );
#4736 = UNCERTAINTY_MEASURE_WITH_UNIT(LENGTH_MEASURE(1.E-07),#4733,
  'distance_accuracy_value','confusion accuracy');
#4737 = PRODUCT_RELATED_PRODUCT_CATEGORY('part',$,(#7));
ENDSEC;
END-ISO-10303-21;
